cve_id,response
CVE-2025-28874,CVSS:3.1/AV:N/AC:L/PR:N/UI:N/S:U/C:H/I:N/A:N
CVE-2025-28875,CVSS:3.1/AV:N/AC:L/PR:N/UI:R/S:U/C:H/I:L/A:N
CVE-2025-28876,CVSS:3.1/AV:N/AC:L/PR:N/UI:R/S:U/C:N/I:N/A:N
CVE-2025-28877,CVSS:3.1/AV:N/AC:L/PR:N/UI:R/S:U/C:L/I:N/A:N
CVE-2025-28878,CVSS:3.1/AV:N/AC:L/PR:N/UI:R/S:U/C:L/I:N/A:N
CVE-2025-28879,CVSS:3.1/AV:N/AC:L/PR:N/UI:R/S:U/C:L/I:L/A:N
CVE-2025-28880,CVSS:3.1/AV:N/AC:L/PR:N/UI:R/S:U/C:L/I:N/A:N
CVE-2025-28881,CVSS:3.1/AV:N/AC:L/PR:N/UI:R/S:U/C:N/I:N/A:N
CVE-2025-28882,CVSS:3.1/AV:N/AC:L/PR:N/UI:R/S:U/C:L/I:N/A:N
CVE-2025-28883,CVSS:3.1/AV:N/AC:L/PR:N/UI:R/S:U/C:L/I:H/A:N
CVE-2025-28884,CVSS:3.1/AV:N/AC:L/PR:N/UI:R/S:U/C:N/I:N/A:N
CVE-2025-28885,CVSS:3.1/AV:N/AC:L/PR:N/UI:R/S:U/C:H/I:L/A:N
CVE-2025-28886,CVSS:3.1/AV:N/AC:L/PR:N/UI:R/S:U/C:N/I:N/A:N
CVE-2025-28887,CVSS:3.1/AV:N/AC:L/PR:N/UI:R/S:U/C:N/I:N/A:N
CVE-2025-28889,CVSS:3.1/AV:N/AC:L/PR:N/UI:R/S:U/C:L/I:N/A:N
CVE-2025-28890,CVSS:3.1/AV:N/AC:L/PR:N/UI:R/S:U/C:L/I:N/A:N
CVE-2025-28891,CVSS:3.1/AV:N/AC:L/PR:N/UI:R/S:U/C:L/I:H/A:N
CVE-2025-28892,CVSS:3.1/AV:N/AC:L/PR:N/UI:N/S:U/C:L/I:L/A:N
CVE-2025-28893,CVSS:3.1/AV:N/AC:L/PR:N/UI:N/S:C/C:H/I:H/A:H
CVE-2025-28894,CVSS:3.1/AV:N/AC:L/PR:N/UI:R/S:C/C:L/I:L/A:N
CVE-2025-28895,CVSS:3.1/AV:N/AC:L/PR:N/UI:R/S:U/C:H/I:L/A:N
CVE-2025-28896,CVSS:3.1/AV:N/AC:L/PR:N/UI:R/S:U/C:L/I:N/A:N
CVE-2025-28897,CVSS:3.1/AV:N/AC:L/PR:N/UI:R/S:C/C:L/I:H/A:N
CVE-2025-28898,CVSS:3.1/AV:N/AC:L/PR:N/UI:R/S:U/C:H/I:H/A:N
CVE-2025-28899,CVSS:3.1/AV:N/AC:L/PR:N/UI:R/S:U/C:L/I:N/A:N
CVE-2025-28900,CVSS:3.1/AV:N/AC:L/PR:N/UI:R/S:C/C:L/I:H/A:N
CVE-2025-28901,CVSS:3.1/AV:N/AC:L/PR:L/UI:R/S:U/C:H/I:L/A:N
CVE-2025-28902,CVSS:3.1/AV:N/AC:L/PR:N/UI:R/S:U/C:N/I:N/A:N
CVE-2025-28903,CVSS:3.1/AV:N/AC:L/PR:N/UI:R/S:U/C:L/I:N/A:N
CVE-2025-28904,CVSS:3.1/AV:N/AC:L/PR:N/UI:N/S:U/C:H/I:H/A:N
CVE-2025-28905,CVSS:3.1/AV:N/AC:L/PR:N/UI:R/S:C/C:H/I:L/A:N
CVE-2025-28906,CVSS:3.1/AV:N/AC:L/PR:N/UI:R/S:C/C:L/I:L/A:N
CVE-2025-28907,CVSS:3.1/AV:N/AC:L/PR:N/UI:R/S:U/C:H/I:N/A:N
CVE-2025-28908,CVSS:3.1/AV:N/AC:L/PR:N/UI:R/S:U/C:H/I:L/A:N
CVE-2025-28909,CVSS:3.1/AV:N/AC:L/PR:N/UI:R/S:U/C:N/I:N/A:N
CVE-2025-2891,CVSS:3.1/AV:N/AC:L/PR:L/UI:N/S:U/C:H/I:H/A:L
CVE-2025-28910,CVSS:3.1/AV:N/AC:L/PR:N/UI:R/S:U/C:N/I:N/A:N
CVE-2025-28911,CVSS:3.1/AV:N/AC:L/PR:N/UI:R/S:U/C:L/I:N/A:N
CVE-2025-28912,CVSS:3.1/AV:N/AC:L/PR:N/UI:R/S:U/C:N/I:N/A:N
CVE-2025-28913,CVSS:3.1/AV:N/AC:L/PR:N/UI:R/S:U/C:N/I:N/A:N
CVE-2025-28914,CVSS:3.1/AV:N/AC:L/PR:N/UI:R/S:C/C:L/I:L/A:N
CVE-2025-28915,CVSS:3.1/AV:N/AC:L/PR:N/UI:N/S:U/C:H/I:N/A:H
CVE-2025-28916,CVSS:3.1/AV:N/AC:L/PR:N/UI:N/S:U/C:L/I:N/A:N
CVE-2025-28917,CVSS:3.1/AV:N/AC:L/PR:N/UI:R/S:U/C:H/I:L/A:N
CVE-2025-28918,CVSS:3.1/AV:N/AC:L/PR:N/UI:R/S:U/C:H/I:L/A:N
CVE-2025-28919,CVSS:3.1/AV:N/AC:L/PR:N/UI:R/S:U/C:H/I:H/A:N
CVE-2025-28920,CVSS:3.1/AV:N/AC:L/PR:N/UI:N/S:U/C:H/I:N/A:N
CVE-2025-28921,CVSS:3.1/AV:N/AC:L/PR:N/UI:R/S:U/C:L/I:N/A:N
CVE-2025-28922,CVSS:3.1/AV:N/AC:L/PR:N/UI:R/S:U/C:H/I:L/A:N
CVE-2025-28923,CVSS:3.1/AV:N/AC:L/PR:N/UI:R/S:U/C:L/I:L/A:N
CVE-2025-28924,CVSS:3.1/AV:N/AC:L/PR:N/UI:R/S:U/C:H/I:N/A:N
CVE-2025-28925,CVSS:3.1/AV:N/AC:L/PR:N/UI:R/S:U/C:L/I:H/A:N
CVE-2025-28926,CVSS:3.1/AV:N/AC:L/PR:N/UI:R/S:U/C:L/I:L/A:N
CVE-2025-28927,CVSS:3.1/AV:N/AC:L/PR:N/UI:R/S:U/C:N/I:N/A:N
CVE-2025-28928,CVSS:3.1/AV:N/AC:L/PR:N/UI:R/S:U/C:L/I:N/A:N
CVE-2025-28929,CVSS:3.1/AV:N/AC:L/PR:N/UI:R/S:C/C:L/I:L/A:N
CVE-2025-28930,CVSS:3.1/AV:N/AC:L/PR:N/UI:R/S:U/C:L/I:N/A:N
CVE-2025-28931,CVSS:3.1/AV:N/AC:L/PR:N/UI:R/S:U/C:H/I:L/A:N
CVE-2025-28932,CVSS:3.1/AV:N/AC:L/PR:N/UI:R/S:U/C:L/I:H/A:N
CVE-2025-28933,CVSS:3.1/AV:N/AC:L/PR:N/UI:R/S:C/C:L/I:L/A:N
CVE-2025-28934,CVSS:3.1/AV:N/AC:L/PR:N/UI:R/S:U/C:L/I:N/A:N
CVE-2025-28935,CVSS:3.1/AV:N/AC:L/PR:N/UI:R/S:U/C:L/I:N/A:N
CVE-2025-28936,CVSS:3.1/AV:N/AC:L/PR:N/UI:R/S:U/C:L/I:L/A:N
CVE-2025-28937,CVSS:3.1/AV:N/AC:L/PR:N/UI:R/S:U/C:H/I:L/A:N
CVE-2025-28938,CVSS:3.1/AV:N/AC:L/PR:N/UI:N/S:U/C:H/I:N/A:N
CVE-2025-28939,CVSS:3.1/AV:N/AC:L/PR:N/UI:N/S:U/C:H/I:N/A:N
CVE-2025-2894,CVSS:3.1/AV:N/AC:L/PR:N/UI:N/S:C/C:H/I:N/A:N
CVE-2025-28940,CVSS:3.1/AV:N/AC:L/PR:N/UI:R/S:U/C:N/I:N/A:N
CVE-2025-28941,CVSS:3.1/AV:N/AC:L/PR:N/UI:R/S:U/C:N/I:N/A:N
CVE-2025-28942,CVSS:3.1/AV:N/AC:L/PR:N/UI:N/S:C/C:H/I:H/A:N
CVE-2025-28943,CVSS:3.1/AV:N/AC:L/PR:N/UI:R/S:C/C:L/I:N/A:N
CVE-2025-2901,CVSS:3.1/AV:N/AC:L/PR:N/UI:R/S:U/C:H/I:L/A:N
CVE-2025-2906,CVSS:3.1/AV:N/AC:L/PR:L/UI:R/S:U/C:H/I:L/A:N
CVE-2025-29266,CVSS:3.1/AV:N/AC:L/PR:N/UI:N/S:C/C:H/I:N/A:N
CVE-2025-29766,CVSS:3.1/AV:N/AC:L/PR:N/UI:R/S:U/C:N/I:N/A:L
CVE-2025-29768,CVSS:3.1/AV:L/AC:L/PR:N/UI:R/S:U/C:N/I:N/A:L
CVE-2025-29770,CVSS:3.1/AV:L/AC:L/PR:N/UI:N/S:U/C:N/I:N/A:L
CVE-2025-29773,CVSS:3.1/AV:N/AC:L/PR:L/UI:N/S:U/C:L/I:N/A:N
CVE-2025-29778,CVSS:3.1/AV:N/AC:L/PR:N/UI:N/S:C/C:H/I:N/A:H
CVE-2025-29781,CVSS:3.1/AV:N/AC:L/PR:L/UI:N/S:C/C:H/I:N/A:N
CVE-2025-29783,CVSS:3.1/AV:N/AC:L/PR:N/UI:N/S:C/C:H/I:H/A:H
CVE-2025-29786,CVSS:3.1/AV:L/AC:H/PR:N/UI:N/S:U/C:N/I:N/A:L
CVE-2025-29788,CVSS:3.1/AV:N/AC:L/PR:N/UI:N/S:C/C:H/I:L/A:N
CVE-2025-29795,CVSS:3.1/AV:N/AC:L/PR:N/UI:N/S:U/C:N/I:N/A:N
CVE-2025-29796,CVSS:3.1/AV:N/AC:L/PR:N/UI:N/S:U/C:N/I:N/A:N
CVE-2025-29806,CVSS:3.1/AV:N/AC:L/PR:N/UI:N/S:U/C:N/I:N/A:N
CVE-2025-29807,CVSS:3.1/AV:N/AC:L/PR:N/UI:N/S:U/C:N/I:N/A:N
CVE-2025-29814,CVSS:3.1/AV:N/AC:L/PR:N/UI:N/S:U/C:N/I:N/A:N
CVE-2025-29815,CVSS:3.1/AV:N/AC:L/PR:N/UI:N/S:U/C:N/I:N/A:N
CVE-2025-29903,CVSS:3.1/AV:N/AC:L/PR:N/UI:N/S:U/C:H/I:N/A:N
CVE-2025-29904,CVSS:3.1/AV:N/AC:L/PR:N/UI:N/S:C/C:N/I:N/A:N
CVE-2025-29908,CVSS:3.1/AV:N/AC:L/PR:N/UI:N/S:U/C:N/I:N/A:L
CVE-2025-29914,CVSS:3.1/AV:N/AC:L/PR:N/UI:N/S:U/C:L/I:N/A:N
CVE-2025-29922,CVSS:3.1/AV:N/AC:L/PR:N/UI:N/S:C/C:H/I:N/A:L
CVE-2025-29923,CVSS:3.1/AV:N/AC:L/PR:N/UI:N/S:U/C:N/I:N/A:L
CVE-2025-29927,CVSS:3.1/AV:N/AC:L/PR:N/UI:N/S:U/C:H/I:N/A:N
CVE-2025-29928,CVSS:3.1/AV:N/AC:L/PR:N/UI:N/S:U/C:N/I:N/A:L
CVE-2025-29929,CVSS:3.1/AV:N/AC:L/PR:N/UI:R/S:U/C:N/I:L/A:N
CVE-2025-29932,CVSS:3.1/AV:N/AC:L/PR:N/UI:N/S:U/C:L/I:N/A:N
CVE-2025-29981,CVSS:3.1/AV:N/AC:L/PR:N/UI:N/S:U/C:H/I:N/A:N
CVE-2025-29982,CVSS:3.1/AV:L/AC:L/PR:L/UI:N/S:U/C:H/I:N/A:N
CVE-2025-29987,CVSS:3.1/AV:N/AC:L/PR:L/UI:N/S:C/C:H/I:H/A:H
CVE-2025-29991,CVSS:3.1/AV:N/AC:L/PR:N/UI:N/S:U/C:L/I:L/A:N
CVE-2025-30004,CVSS:3.1/AV:N/AC:H/PR:N/UI:N/S:C/C:H/I:H/A:H
CVE-2025-30005,CVSS:3.1/AV:N/AC:L/PR:N/UI:N/S:C/C:H/I:L/A:L
CVE-2025-30006,CVSS:3.1/AV:N/AC:L/PR:N/UI:R/S:U/C:L/I:N/A:N
CVE-2025-30066,CVSS:3.1/AV:N/AC:L/PR:N/UI:N/S:U/C:H/I:N/A:N
CVE-2025-30074,CVSS:3.1/AV:L/AC:L/PR:N/UI:N/S:C/C:N/I:N/A:H
CVE-2025-30076,CVSS:3.1/AV:N/AC:L/PR:L/UI:N/S:C/C:H/I:H/A:N
CVE-2025-30077,CVSS:3.1/AV:N/AC:L/PR:N/UI:N/S:U/C:N/I:N/A:L
CVE-2025-30089,CVSS:3.1/AV:N/AC:L/PR:N/UI:N/S:U/C:L/I:N/A:N
CVE-2025-30090,CVSS:3.1/AV:N/AC:L/PR:N/UI:R/S:U/C:L/I:N/A:N
CVE-2025-3011,CVSS:3.1/AV:N/AC:L/PR:N/UI:N/S:U/C:H/I:H/A:N
CVE-2025-30143,CVSS:3.1/AV:N/AC:L/PR:N/UI:N/S:U/C:L/I:N/A:N
CVE-2025-30144,CVSS:3.1/AV:N/AC:L/PR:N/UI:N/S:U/C:L/I:N/A:N
CVE-2025-30149,CVSS:3.1/AV:N/AC:L/PR:N/UI:R/S:U/C:L/I:N/A:N
CVE-2025-30152,CVSS:3.1/AV:N/AC:L/PR:N/UI:R/S:U/C:H/I:L/A:N
CVE-2025-30153,CVSS:3.1/AV:N/AC:L/PR:N/UI:N/S:U/C:N/I:N/A:H
CVE-2025-30154,CVSS:3.1/AV:N/AC:L/PR:N/UI:N/S:C/C:H/I:H/A:N
CVE-2025-30155,CVSS:3.1/AV:N/AC:L/PR:N/UI:N/S:U/C:L/I:N/A:N
CVE-2025-30157,CVSS:3.1/AV:L/AC:L/PR:N/UI:N/S:U/C:N/I:N/A:H
CVE-2025-30162,CVSS:3.1/AV:N/AC:L/PR:N/UI:N/S:C/C:L/I:N/A:N
CVE-2025-30163,CVSS:3.1/AV:N/AC:L/PR:N/UI:N/S:U/C:L/I:N/A:N
CVE-2025-30164,CVSS:3.1/AV:N/AC:L/PR:L/UI:R/S:U/C:H/I:L/A:N
CVE-2025-30168,CVSS:3.1/AV:N/AC:L/PR:N/UI:R/S:C/C:L/I:N/A:N
CVE-2025-30179,CVSS:3.1/AV:N/AC:L/PR:L/UI:N/S:U/C:H/I:N/A:N
CVE-2025-30203,CVSS:3.1/AV:N/AC:L/PR:L/UI:R/S:C/C:L/I:L/A:N
CVE-2025-30204,CVSS:3.1/AV:N/AC:L/PR:N/UI:N/S:U/C:N/I:N/A:L
CVE-2025-30205,CVSS:3.1/AV:L/AC:L/PR:L/UI:N/S:U/C:L/I:N/A:N
CVE-2025-30208,CVSS:3.1/AV:N/AC:L/PR:N/UI:N/S:U/C:H/I:N/A:N
CVE-2025-30209,CVSS:3.1/AV:N/AC:L/PR:N/UI:N/S:U/C:L/I:N/A:N
CVE-2025-30211,CVSS:3.1/AV:N/AC:L/PR:N/UI:N/S:U/C:N/I:N/A:H
CVE-2025-30216,CVSS:3.1/AV:N/AC:L/PR:N/UI:N/S:C/C:H/I:H/A:L
CVE-2025-30219,CVSS:3.1/AV:N/AC:L/PR:N/UI:R/S:C/C:L/I:H/A:N
CVE-2025-30223,CVSS:3.1/AV:N/AC:L/PR:N/UI:R/S:U/C:H/I:L/A:N
CVE-2025-30225,CVSS:3.1/AV:N/AC:L/PR:N/UI:N/S:U/C:N/I:N/A:H
CVE-2025-30232,CVSS:3.1/AV:N/AC:H/PR:L/UI:N/S:U/C:H/I:H/A:N
CVE-2025-30234,CVSS:3.1/AV:N/AC:L/PR:N/UI:N/S:U/C:H/I:N/A:N
CVE-2025-30235,CVSS:3.1/AV:N/AC:L/PR:N/UI:N/S:U/C:N/I:N/A:H
CVE-2025-30236,CVSS:3.1/AV:N/AC:L/PR:N/UI:N/S:U/C:H/I:N/A:N
CVE-2025-30258,CVSS:3.1/AV:N/AC:L/PR:N/UI:N/S:U/C:N/I:N/A:L
CVE-2025-30342,CVSS:3.1/AV:N/AC:L/PR:N/UI:R/S:U/C:L/I:L/A:N
CVE-2025-30343,CVSS:3.1/AV:N/AC:L/PR:N/UI:R/S:U/C:L/I:L/A:L
CVE-2025-30344,CVSS:3.1/AV:N/AC:L/PR:N/UI:N/S:U/C:L/I:N/A:N
CVE-2025-30345,CVSS:3.1/AV:N/AC:L/PR:L/UI:R/S:U/C:L/I:L/A:N
CVE-2025-30346,CVSS:3.1/AV:N/AC:L/PR:N/UI:N/S:U/C:N/I:N/A:N
CVE-2025-30347,CVSS:3.1/AV:N/AC:L/PR:N/UI:N/S:C/C:H/I:N/A:N
CVE-2025-30348,CVSS:3.1/AV:N/AC:H/PR:N/UI:N/S:U/C:N/I:N/A:N
CVE-2025-30349,CVSS:3.1/AV:N/AC:L/PR:N/UI:R/S:U/C:H/I:N/A:N
CVE-2025-30350,CVSS:3.1/AV:N/AC:L/PR:N/UI:N/S:U/C:N/I:N/A:H
CVE-2025-30351,CVSS:3.1/AV:N/AC:H/PR:N/UI:N/S:U/C:N/I:N/A:L
CVE-2025-30352,CVSS:3.1/AV:N/AC:L/PR:L/UI:N/S:U/C:L/I:N/A:N
CVE-2025-30353,CVSS:3.1/AV:N/AC:L/PR:N/UI:N/S:U/C:H/I:N/A:N
CVE-2025-30355,CVSS:3.1/AV:N/AC:L/PR:N/UI:N/S:C/C:N/I:N/A:N
CVE-2025-30358,CVSS:3.1/AV:N/AC:L/PR:N/UI:N/S:C/C:H/I:H/A:L
CVE-2025-30368,CVSS:3.1/AV:N/AC:L/PR:L/UI:N/S:C/C:N/I:L/A:N
CVE-2025-30369,CVSS:3.1/AV:N/AC:L/PR:L/UI:N/S:C/C:L/I:N/A:N
CVE-2025-30370,CVSS:3.1/AV:N/AC:L/PR:N/UI:R/S:U/C:N/I:H/A:N
CVE-2025-30406,CVSS:3.1/AV:N/AC:L/PR:L/UI:N/S:C/C:H/I:H/A:H
CVE-2025-3047,CVSS:3.1/AV:L/AC:H/PR:L/UI:N/S:C/C:L/I:N/A:L
CVE-2025-30472,CVSS:3.1/AV:N/AC:H/PR:N/UI:N/S:C/C:H/I:N/A:L
CVE-2025-3048,CVSS:3.1/AV:N/AC:L/PR:N/UI:N/S:U/C:L/I:N/A:N
CVE-2025-30520,CVSS:3.1/AV:N/AC:L/PR:N/UI:R/S:U/C:L/I:N/A:N
CVE-2025-30521,CVSS:3.1/AV:N/AC:L/PR:N/UI:R/S:U/C:N/I:N/A:N
CVE-2025-30522,CVSS:3.1/AV:N/AC:L/PR:N/UI:R/S:U/C:H/I:L/A:N
CVE-2025-30523,CVSS:3.1/AV:N/AC:L/PR:N/UI:N/S:U/C:H/I:L/A:N
CVE-2025-30524,CVSS:3.1/AV:N/AC:L/PR:N/UI:N/S:U/C:H/I:N/A:N
CVE-2025-30525,CVSS:3.1/AV:N/AC:L/PR:N/UI:N/S:U/C:H/I:N/A:N
CVE-2025-30526,CVSS:3.1/AV:N/AC:L/PR:N/UI:R/S:U/C:N/I:N/A:N
CVE-2025-30527,CVSS:3.1/AV:N/AC:L/PR:N/UI:R/S:C/C:H/I:L/A:N
CVE-2025-30528,CVSS:3.1/AV:N/AC:L/PR:N/UI:R/S:C/C:H/I:H/A:N
CVE-2025-30529,CVSS:3.1/AV:N/AC:L/PR:N/UI:R/S:U/C:N/I:N/A:N
CVE-2025-30530,CVSS:3.1/AV:N/AC:L/PR:N/UI:R/S:U/C:H/I:L/A:N
CVE-2025-30531,CVSS:3.1/AV:N/AC:L/PR:N/UI:R/S:U/C:N/I:N/A:N
CVE-2025-30532,CVSS:3.1/AV:N/AC:L/PR:N/UI:R/S:U/C:L/I:L/A:N
CVE-2025-30533,CVSS:3.1/AV:N/AC:L/PR:N/UI:R/S:U/C:H/I:L/A:N
CVE-2025-30534,CVSS:3.1/AV:N/AC:L/PR:N/UI:R/S:U/C:N/I:N/A:N
CVE-2025-30535,CVSS:3.1/AV:N/AC:L/PR:N/UI:R/S:U/C:N/I:N/A:N
CVE-2025-30536,CVSS:3.1/AV:N/AC:L/PR:N/UI:R/S:U/C:H/I:L/A:N
CVE-2025-30537,CVSS:3.1/AV:N/AC:L/PR:N/UI:R/S:U/C:L/I:L/A:N
CVE-2025-30538,CVSS:3.1/AV:N/AC:L/PR:N/UI:R/S:U/C:N/I:N/A:N
CVE-2025-30539,CVSS:3.1/AV:N/AC:L/PR:N/UI:R/S:U/C:H/I:L/A:N
CVE-2025-30540,CVSS:3.1/AV:N/AC:L/PR:N/UI:R/S:U/C:H/I:L/A:N
CVE-2025-30541,CVSS:3.1/AV:N/AC:L/PR:N/UI:R/S:U/C:N/I:N/A:N
CVE-2025-30542,CVSS:3.1/AV:N/AC:L/PR:N/UI:R/S:U/C:N/I:N/A:N
CVE-2025-30543,CVSS:3.1/AV:N/AC:L/PR:N/UI:N/S:U/C:H/I:N/A:N
CVE-2025-30544,CVSS:3.1/AV:N/AC:L/PR:N/UI:R/S:U/C:L/I:N/A:N
CVE-2025-30545,CVSS:3.1/AV:N/AC:L/PR:N/UI:R/S:U/C:H/I:L/A:N
CVE-2025-30546,CVSS:3.1/AV:N/AC:L/PR:N/UI:R/S:U/C:N/I:N/A:N
CVE-2025-30547,CVSS:3.1/AV:N/AC:L/PR:N/UI:R/S:U/C:L/I:N/A:N
CVE-2025-30548,CVSS:3.1/AV:N/AC:L/PR:N/UI:R/S:U/C:L/I:N/A:N
CVE-2025-30549,CVSS:3.1/AV:N/AC:L/PR:N/UI:R/S:U/C:N/I:N/A:N
CVE-2025-30550,CVSS:3.1/AV:N/AC:L/PR:N/UI:R/S:U/C:L/I:L/A:N
CVE-2025-30551,CVSS:3.1/AV:N/AC:L/PR:N/UI:R/S:U/C:H/I:L/A:N
CVE-2025-30552,CVSS:3.1/AV:N/AC:L/PR:N/UI:R/S:U/C:L/I:L/A:N
CVE-2025-30553,CVSS:3.1/AV:N/AC:L/PR:N/UI:R/S:C/C:H/I:N/A:N
CVE-2025-30554,CVSS:3.1/AV:N/AC:L/PR:N/UI:R/S:C/C:L/I:N/A:N
CVE-2025-30555,CVSS:3.1/AV:N/AC:L/PR:N/UI:R/S:U/C:L/I:L/A:N
CVE-2025-30556,CVSS:3.1/AV:N/AC:L/PR:N/UI:R/S:U/C:N/I:N/A:N
CVE-2025-30557,CVSS:3.1/AV:N/AC:L/PR:N/UI:R/S:U/C:N/I:N/A:L
CVE-2025-30558,CVSS:3.1/AV:N/AC:L/PR:N/UI:R/S:U/C:L/I:H/A:N
CVE-2025-30559,CVSS:3.1/AV:N/AC:L/PR:N/UI:R/S:U/C:L/I:L/A:N
CVE-2025-30560,CVSS:3.1/AV:N/AC:L/PR:N/UI:R/S:C/C:L/I:H/A:N
CVE-2025-30561,CVSS:3.1/AV:N/AC:L/PR:N/UI:R/S:U/C:L/I:L/A:N
CVE-2025-30563,CVSS:3.1/AV:N/AC:L/PR:N/UI:R/S:U/C:L/I:N/A:N
CVE-2025-30564,CVSS:3.1/AV:N/AC:L/PR:N/UI:R/S:U/C:L/I:L/A:N
CVE-2025-30565,CVSS:3.1/AV:N/AC:L/PR:N/UI:R/S:C/C:L/I:H/A:N
CVE-2025-30566,CVSS:3.1/AV:N/AC:L/PR:N/UI:R/S:U/C:L/I:N/A:N
CVE-2025-30567,CVSS:3.1/AV:N/AC:L/PR:N/UI:N/S:U/C:H/I:N/A:N
CVE-2025-30568,CVSS:3.1/AV:N/AC:L/PR:N/UI:R/S:U/C:N/I:N/A:L
CVE-2025-30569,CVSS:3.1/AV:N/AC:L/PR:N/UI:N/S:U/C:H/I:N/A:N
CVE-2025-30570,CVSS:3.1/AV:N/AC:L/PR:N/UI:N/S:U/C:H/I:L/A:N
CVE-2025-30571,CVSS:3.1/AV:N/AC:L/PR:N/UI:N/S:U/C:H/I:N/A:N
CVE-2025-30572,CVSS:3.1/AV:N/AC:L/PR:N/UI:R/S:C/C:L/I:H/A:N
CVE-2025-30573,CVSS:3.1/AV:N/AC:L/PR:N/UI:R/S:U/C:H/I:L/A:N
CVE-2025-30574,CVSS:3.1/AV:N/AC:L/PR:N/UI:R/S:U/C:L/I:L/A:N
CVE-2025-30575,CVSS:3.1/AV:N/AC:L/PR:N/UI:R/S:U/C:L/I:L/A:N
CVE-2025-30576,CVSS:3.1/AV:N/AC:L/PR:N/UI:R/S:U/C:N/I:N/A:N
CVE-2025-30577,CVSS:3.1/AV:N/AC:L/PR:N/UI:R/S:U/C:L/I:H/A:N
CVE-2025-30578,CVSS:3.1/AV:N/AC:H/PR:N/UI:R/S:U/C:L/I:H/A:N
CVE-2025-30579,CVSS:3.1/AV:N/AC:L/PR:N/UI:R/S:U/C:H/I:L/A:N
CVE-2025-30580,CVSS:3.1/AV:N/AC:L/PR:N/UI:N/S:C/C:H/I:H/A:H
CVE-2025-30581,CVSS:3.1/AV:N/AC:L/PR:N/UI:N/S:C/C:L/I:N/A:N
CVE-2025-30583,CVSS:3.1/AV:N/AC:L/PR:N/UI:R/S:U/C:L/I:H/A:N
CVE-2025-30584,CVSS:3.1/AV:N/AC:L/PR:N/UI:R/S:U/C:L/I:L/A:N
CVE-2025-30585,CVSS:3.1/AV:N/AC:L/PR:N/UI:R/S:U/C:N/I:N/A:N
CVE-2025-30586,CVSS:3.1/AV:N/AC:L/PR:N/UI:R/S:C/C:L/I:H/A:N
CVE-2025-30587,CVSS:3.1/AV:N/AC:L/PR:N/UI:R/S:C/C:L/I:H/A:N
CVE-2025-30588,CVSS:3.1/AV:N/AC:L/PR:N/UI:R/S:C/C:L/I:L/A:N
CVE-2025-30589,CVSS:3.1/AV:N/AC:L/PR:N/UI:N/S:U/C:H/I:N/A:N
CVE-2025-30590,CVSS:3.1/AV:N/AC:L/PR:N/UI:N/S:U/C:H/I:N/A:N
CVE-2025-30591,CVSS:3.1/AV:N/AC:L/PR:N/UI:N/S:U/C:H/I:N/A:N
CVE-2025-30592,CVSS:3.1/AV:N/AC:L/PR:N/UI:N/S:U/C:H/I:N/A:N
CVE-2025-30593,CVSS:3.1/AV:N/AC:L/PR:N/UI:R/S:U/C:L/I:N/A:N
CVE-2025-30594,CVSS:3.1/AV:N/AC:L/PR:N/UI:N/S:U/C:L/I:N/A:N
CVE-2025-30595,CVSS:3.1/AV:N/AC:L/PR:N/UI:R/S:U/C:H/I:L/A:N
CVE-2025-30596,CVSS:3.1/AV:N/AC:L/PR:N/UI:N/S:U/C:H/I:N/A:N
CVE-2025-30597,CVSS:3.1/AV:N/AC:L/PR:N/UI:R/S:C/C:L/I:N/A:N
CVE-2025-30598,CVSS:3.1/AV:N/AC:L/PR:N/UI:R/S:U/C:N/I:N/A:N
CVE-2025-30599,CVSS:3.1/AV:N/AC:L/PR:N/UI:R/S:U/C:L/I:N/A:N
CVE-2025-30600,CVSS:3.1/AV:N/AC:L/PR:N/UI:R/S:U/C:H/I:L/A:N
CVE-2025-30601,CVSS:3.1/AV:N/AC:L/PR:N/UI:R/S:U/C:N/I:N/A:N
CVE-2025-30602,CVSS:3.1/AV:N/AC:L/PR:N/UI:R/S:U/C:L/I:L/A:N
CVE-2025-30603,CVSS:3.1/AV:N/AC:L/PR:N/UI:R/S:U/C:L/I:L/A:N
CVE-2025-30604,CVSS:3.1/AV:N/AC:L/PR:N/UI:N/S:U/C:H/I:N/A:N
CVE-2025-30605,CVSS:3.1/AV:N/AC:L/PR:N/UI:N/S:C/C:L/I:N/A:N
CVE-2025-30606,CVSS:3.1/AV:N/AC:L/PR:N/UI:R/S:U/C:H/I:L/A:N
CVE-2025-30607,CVSS:3.1/AV:N/AC:L/PR:N/UI:R/S:U/C:L/I:N/A:N
CVE-2025-30608,CVSS:3.1/AV:N/AC:L/PR:N/UI:R/S:C/C:L/I:L/A:N
CVE-2025-30609,CVSS:3.1/AV:N/AC:L/PR:N/UI:N/S:U/C:H/I:N/A:N
CVE-2025-30610,CVSS:3.1/AV:N/AC:L/PR:N/UI:R/S:U/C:H/I:N/A:N
CVE-2025-30611,CVSS:3.1/AV:N/AC:L/PR:N/UI:R/S:U/C:L/I:N/A:N
CVE-2025-30612,CVSS:3.1/AV:N/AC:L/PR:N/UI:R/S:U/C:N/I:H/A:N
CVE-2025-30613,CVSS:3.1/AV:N/AC:L/PR:N/UI:R/S:C/C:L/I:L/A:N
CVE-2025-30614,CVSS:3.1/AV:N/AC:L/PR:N/UI:R/S:U/C:L/I:N/A:N
CVE-2025-30615,CVSS:3.1/AV:N/AC:L/PR:N/UI:R/S:U/C:H/I:H/A:N
CVE-2025-30616,CVSS:3.1/AV:N/AC:L/PR:N/UI:R/S:U/C:L/I:N/A:N
CVE-2025-30617,CVSS:3.1/AV:N/AC:L/PR:N/UI:R/S:U/C:N/I:N/A:N
CVE-2025-30619,CVSS:3.1/AV:N/AC:L/PR:N/UI:R/S:U/C:N/I:N/A:N
CVE-2025-30620,CVSS:3.1/AV:N/AC:L/PR:N/UI:R/S:C/C:L/I:H/A:N
CVE-2025-30621,CVSS:3.1/AV:N/AC:L/PR:N/UI:R/S:U/C:H/I:L/A:L
CVE-2025-30622,CVSS:3.1/AV:N/AC:L/PR:N/UI:N/S:U/C:H/I:H/A:N
CVE-2025-30623,CVSS:3.1/AV:N/AC:L/PR:N/UI:R/S:U/C:L/I:N/A:N
CVE-2025-3063,CVSS:3.1/AV:N/AC:L/PR:L/UI:N/S:C/C:N/I:L/A:N
CVE-2025-30741,CVSS:3.1/AV:N/AC:L/PR:N/UI:N/S:U/C:H/I:N/A:N
CVE-2025-30742,CVSS:3.1/AV:N/AC:L/PR:N/UI:N/S:U/C:N/I:N/A:L
CVE-2025-30763,CVSS:3.1/AV:N/AC:L/PR:L/UI:R/S:C/C:H/I:L/A:N
CVE-2025-30764,CVSS:3.1/AV:N/AC:L/PR:N/UI:R/S:U/C:N/I:N/A:N
CVE-2025-30765,CVSS:3.1/AV:N/AC:L/PR:N/UI:N/S:U/C:H/I:L/A:N
CVE-2025-30766,CVSS:3.1/AV:N/AC:L/PR:N/UI:R/S:U/C:L/I:N/A:N
CVE-2025-30767,CVSS:3.1/AV:N/AC:L/PR:N/UI:N/S:U/C:H/I:N/A:N
CVE-2025-30768,CVSS:3.1/AV:N/AC:L/PR:N/UI:R/S:C/C:H/I:L/A:N
CVE-2025-30769,CVSS:3.1/AV:N/AC:L/PR:N/UI:R/S:U/C:L/I:L/A:N
CVE-2025-30770,CVSS:3.1/AV:N/AC:L/PR:N/UI:R/S:U/C:L/I:N/A:N
CVE-2025-30771,CVSS:3.1/AV:N/AC:L/PR:N/UI:R/S:U/C:L/I:N/A:N
CVE-2025-30772,CVSS:3.1/AV:N/AC:L/PR:N/UI:N/S:C/C:N/I:N/A:N
CVE-2025-30773,CVSS:3.1/AV:N/AC:L/PR:N/UI:N/S:U/C:H/I:H/A:N
CVE-2025-30774,CVSS:3.1/AV:N/AC:L/PR:N/UI:N/S:U/C:H/I:N/A:N
CVE-2025-30775,CVSS:3.1/AV:N/AC:L/PR:N/UI:N/S:U/C:H/I:N/A:N
CVE-2025-30776,CVSS:3.1/AV:N/AC:L/PR:N/UI:R/S:C/C:L/I:L/A:N
CVE-2025-30777,CVSS:3.1/AV:N/AC:L/PR:N/UI:N/S:U/C:H/I:N/A:N
CVE-2025-30778,CVSS:3.1/AV:N/AC:L/PR:N/UI:R/S:U/C:L/I:N/A:N
CVE-2025-30779,CVSS:3.1/AV:N/AC:L/PR:N/UI:R/S:C/C:L/I:L/A:N
CVE-2025-30780,CVSS:3.1/AV:N/AC:L/PR:N/UI:R/S:U/C:L/I:L/A:N
CVE-2025-30781,CVSS:3.1/AV:N/AC:L/PR:N/UI:R/S:U/C:N/I:N/A:N
CVE-2025-30782,CVSS:3.1/AV:N/AC:L/PR:N/UI:N/S:U/C:N/I:L/A:L
CVE-2025-30783,CVSS:3.1/AV:N/AC:L/PR:N/UI:N/S:U/C:H/I:H/A:N
CVE-2025-30784,CVSS:3.1/AV:N/AC:L/PR:N/UI:N/S:U/C:H/I:N/A:N
CVE-2025-30785,CVSS:3.1/AV:N/AC:L/PR:N/UI:N/S:U/C:H/I:N/A:L
CVE-2025-30786,CVSS:3.1/AV:N/AC:L/PR:N/UI:R/S:U/C:L/I:N/A:N
CVE-2025-30787,CVSS:3.1/AV:N/AC:L/PR:N/UI:R/S:U/C:L/I:N/A:N
CVE-2025-30788,CVSS:3.1/AV:N/AC:L/PR:N/UI:R/S:U/C:H/I:L/A:N
CVE-2025-30789,CVSS:3.1/AV:N/AC:L/PR:N/UI:R/S:C/C:L/I:L/A:N
CVE-2025-30790,CVSS:3.1/AV:N/AC:L/PR:N/UI:N/S:U/C:H/I:N/A:N
CVE-2025-30791,CVSS:3.1/AV:N/AC:L/PR:N/UI:N/S:U/C:H/I:H/A:N
CVE-2025-30792,CVSS:3.1/AV:N/AC:L/PR:N/UI:R/S:U/C:H/I:L/A:N
CVE-2025-30793,CVSS:3.1/AV:N/AC:L/PR:N/UI:N/S:U/C:H/I:N/A:L
CVE-2025-30794,CVSS:3.1/AV:N/AC:L/PR:N/UI:R/S:U/C:L/I:N/A:N
CVE-2025-30795,CVSS:3.1/AV:N/AC:L/PR:N/UI:R/S:U/C:L/I:N/A:N
CVE-2025-30796,CVSS:3.1/AV:N/AC:L/PR:N/UI:R/S:U/C:L/I:N/A:N
CVE-2025-30797,CVSS:3.1/AV:N/AC:L/PR:N/UI:N/S:U/C:H/I:N/A:N
CVE-2025-30798,CVSS:3.1/AV:N/AC:L/PR:N/UI:R/S:U/C:N/I:N/A:N
CVE-2025-30799,CVSS:3.1/AV:N/AC:L/PR:N/UI:R/S:U/C:L/I:N/A:N
CVE-2025-30800,CVSS:3.1/AV:N/AC:L/PR:N/UI:R/S:C/C:L/I:L/A:N
CVE-2025-30801,CVSS:3.1/AV:N/AC:L/PR:N/UI:R/S:U/C:N/I:N/A:N
CVE-2025-30802,CVSS:3.1/AV:N/AC:L/PR:N/UI:N/S:U/C:L/I:N/A:N
CVE-2025-30803,CVSS:3.1/AV:N/AC:L/PR:N/UI:N/S:U/C:H/I:N/A:N
CVE-2025-30804,CVSS:3.1/AV:N/AC:L/PR:N/UI:R/S:U/C:N/I:N/A:N
CVE-2025-30805,CVSS:3.1/AV:N/AC:L/PR:N/UI:R/S:U/C:N/I:N/A:N
CVE-2025-30806,CVSS:3.1/AV:N/AC:L/PR:N/UI:N/S:U/C:H/I:N/A:N
CVE-2025-30807,CVSS:3.1/AV:N/AC:L/PR:N/UI:N/S:U/C:H/I:N/A:N
CVE-2025-30808,CVSS:3.1/AV:N/AC:L/PR:N/UI:R/S:U/C:L/I:N/A:N
CVE-2025-30809,CVSS:3.1/AV:N/AC:L/PR:N/UI:N/S:C/C:N/I:N/A:N
CVE-2025-30810,CVSS:3.1/AV:N/AC:L/PR:N/UI:N/S:U/C:H/I:N/A:N
CVE-2025-30811,CVSS:3.1/AV:N/AC:L/PR:N/UI:R/S:U/C:N/I:N/A:N
CVE-2025-30812,CVSS:3.1/AV:N/AC:L/PR:N/UI:R/S:C/C:L/I:L/A:N
CVE-2025-30813,CVSS:3.1/AV:N/AC:L/PR:N/UI:R/S:U/C:H/I:L/A:N
CVE-2025-30814,CVSS:3.1/AV:N/AC:L/PR:N/UI:N/S:U/C:H/I:N/A:N
CVE-2025-30815,CVSS:3.1/AV:N/AC:L/PR:N/UI:R/S:U/C:N/I:N/A:N
CVE-2025-30816,CVSS:3.1/AV:N/AC:L/PR:N/UI:R/S:U/C:N/I:N/A:N
CVE-2025-30817,CVSS:3.1/AV:N/AC:L/PR:N/UI:N/S:U/C:H/I:L/A:N
CVE-2025-30818,CVSS:3.1/AV:N/AC:L/PR:N/UI:R/S:U/C:L/I:L/A:N
CVE-2025-30819,CVSS:3.1/AV:N/AC:L/PR:N/UI:N/S:U/C:H/I:N/A:N
CVE-2025-3082,CVSS:3.1/AV:N/AC:L/PR:L/UI:N/S:C/C:H/I:L/A:N
CVE-2025-30820,CVSS:3.1/AV:N/AC:L/PR:N/UI:N/S:U/C:H/I:N/A:L
CVE-2025-30821,CVSS:3.1/AV:N/AC:H/PR:N/UI:N/S:C/C:L/I:N/A:N
CVE-2025-30822,CVSS:3.1/AV:N/AC:L/PR:N/UI:R/S:U/C:N/I:N/A:N
CVE-2025-30823,CVSS:3.1/AV:N/AC:L/PR:N/UI:R/S:U/C:N/I:N/A:N
CVE-2025-30824,CVSS:3.1/AV:N/AC:L/PR:N/UI:N/S:U/C:H/I:N/A:N
CVE-2025-30825,CVSS:3.1/AV:N/AC:L/PR:N/UI:N/S:U/C:H/I:N/A:N
CVE-2025-30826,CVSS:3.1/AV:N/AC:L/PR:N/UI:R/S:C/C:L/I:N/A:N
CVE-2025-30827,CVSS:3.1/AV:N/AC:L/PR:N/UI:R/S:U/C:L/I:N/A:N
CVE-2025-30828,CVSS:3.1/AV:N/AC:L/PR:N/UI:N/S:U/C:H/I:N/A:N
CVE-2025-30829,CVSS:3.1/AV:N/AC:L/PR:N/UI:N/S:U/C:N/I:N/A:L
CVE-2025-3083,CVSS:3.1/AV:N/AC:L/PR:N/UI:N/S:U/C:N/I:N/A:H
CVE-2025-30830,CVSS:3.1/AV:N/AC:L/PR:N/UI:N/S:C/C:L/I:N/A:N
CVE-2025-30831,CVSS:3.1/AV:N/AC:L/PR:N/UI:N/S:U/C:H/I:N/A:L
CVE-2025-30832,CVSS:3.1/AV:N/AC:L/PR:N/UI:R/S:U/C:L/I:N/A:N
CVE-2025-30833,CVSS:3.1/AV:N/AC:L/PR:N/UI:R/S:U/C:N/I:N/A:N
CVE-2025-30834,CVSS:3.1/AV:N/AC:L/PR:N/UI:N/S:U/C:H/I:N/A:N
CVE-2025-30835,CVSS:3.1/AV:N/AC:L/PR:N/UI:N/S:U/C:H/I:N/A:L
CVE-2025-30836,CVSS:3.1/AV:N/AC:L/PR:N/UI:R/S:U/C:H/I:L/A:N
CVE-2025-30837,CVSS:3.1/AV:N/AC:L/PR:N/UI:R/S:U/C:L/I:N/A:N
CVE-2025-30838,CVSS:3.1/AV:N/AC:L/PR:N/UI:R/S:U/C:H/I:N/A:N
CVE-2025-30839,CVSS:3.1/AV:N/AC:L/PR:N/UI:N/S:U/C:H/I:N/A:N
CVE-2025-3084,CVSS:3.1/AV:N/AC:L/PR:N/UI:N/S:U/C:N/I:N/A:L
CVE-2025-30840,CVSS:3.1/AV:N/AC:L/PR:N/UI:R/S:U/C:L/I:N/A:N
CVE-2025-30841,CVSS:3.1/AV:N/AC:L/PR:N/UI:N/S:C/C:H/I:H/A:H
CVE-2025-30842,CVSS:3.1/AV:N/AC:L/PR:N/UI:R/S:U/C:N/I:N/A:N
CVE-2025-30843,CVSS:3.1/AV:N/AC:L/PR:N/UI:N/S:U/C:H/I:N/A:N
CVE-2025-30844,CVSS:3.1/AV:N/AC:L/PR:N/UI:R/S:U/C:L/I:N/A:N
CVE-2025-30845,CVSS:3.1/AV:N/AC:L/PR:N/UI:N/S:C/C:L/I:N/A:N
CVE-2025-30846,CVSS:3.1/AV:N/AC:H/PR:N/UI:N/S:C/C:N/I:N/A:L
CVE-2025-30847,CVSS:3.1/AV:N/AC:L/PR:N/UI:R/S:U/C:L/I:L/A:N
CVE-2025-30848,CVSS:3.1/AV:N/AC:L/PR:N/UI:R/S:U/C:L/I:N/A:N
CVE-2025-30849,CVSS:3.1/AV:N/AC:L/PR:N/UI:N/S:U/C:N/I:L/A:L
CVE-2025-3085,CVSS:3.1/AV:N/AC:H/PR:N/UI:N/S:U/C:L/I:N/A:N
CVE-2025-30850,CVSS:3.1/AV:N/AC:L/PR:N/UI:R/S:U/C:L/I:N/A:N
CVE-2025-30851,CVSS:3.1/AV:N/AC:L/PR:N/UI:N/S:U/C:H/I:N/A:N
CVE-2025-30852,CVSS:3.1/AV:N/AC:L/PR:N/UI:R/S:U/C:L/I:N/A:N
CVE-2025-30853,CVSS:3.1/AV:N/AC:L/PR:N/UI:N/S:U/C:H/I:N/A:N
CVE-2025-30854,CVSS:3.1/AV:N/AC:L/PR:N/UI:R/S:U/C:N/I:N/A:N
CVE-2025-30855,CVSS:3.1/AV:N/AC:L/PR:N/UI:N/S:U/C:H/I:N/A:N
CVE-2025-30856,CVSS:3.1/AV:N/AC:L/PR:N/UI:R/S:U/C:N/I:N/A:N
CVE-2025-30857,CVSS:3.1/AV:N/AC:L/PR:N/UI:R/S:U/C:L/I:L/A:N
CVE-2025-30858,CVSS:3.1/AV:N/AC:L/PR:N/UI:R/S:U/C:L/I:N/A:N
CVE-2025-30859,CVSS:3.1/AV:N/AC:L/PR:N/UI:R/S:U/C:L/I:N/A:N
CVE-2025-30860,CVSS:3.1/AV:N/AC:L/PR:N/UI:R/S:U/C:L/I:N/A:N
CVE-2025-30861,CVSS:3.1/AV:N/AC:H/PR:N/UI:N/S:C/C:N/I:N/A:L
CVE-2025-30862,CVSS:3.1/AV:N/AC:L/PR:N/UI:R/S:U/C:N/I:N/A:N
CVE-2025-30863,CVSS:3.1/AV:N/AC:L/PR:N/UI:R/S:U/C:N/I:N/A:N
CVE-2025-30864,CVSS:3.1/AV:N/AC:L/PR:N/UI:N/S:U/C:H/I:N/A:N
CVE-2025-30865,CVSS:3.1/AV:N/AC:L/PR:N/UI:R/S:U/C:N/I:N/A:N
CVE-2025-30866,CVSS:3.1/AV:N/AC:H/PR:N/UI:N/S:C/C:L/I:N/A:N
CVE-2025-30867,CVSS:3.1/AV:N/AC:L/PR:N/UI:R/S:C/C:H/I:H/A:N
CVE-2025-30868,CVSS:3.1/AV:N/AC:L/PR:N/UI:N/S:U/C:L/I:N/A:N
CVE-2025-30869,CVSS:3.1/AV:N/AC:L/PR:N/UI:R/S:U/C:L/I:N/A:N
CVE-2025-30870,CVSS:3.1/AV:N/AC:H/PR:N/UI:N/S:C/C:L/I:N/A:N
CVE-2025-30871,CVSS:3.1/AV:N/AC:L/PR:N/UI:N/S:U/C:L/I:N/A:N
CVE-2025-30872,CVSS:3.1/AV:N/AC:L/PR:N/UI:R/S:U/C:N/I:N/A:N
CVE-2025-30873,CVSS:3.1/AV:N/AC:L/PR:N/UI:R/S:U/C:H/I:L/A:N
CVE-2025-30874,CVSS:3.1/AV:N/AC:H/PR:N/UI:N/S:U/C:H/I:N/A:N
CVE-2025-30876,CVSS:3.1/AV:N/AC:L/PR:N/UI:N/S:U/C:H/I:N/A:N
CVE-2025-30877,CVSS:3.1/AV:N/AC:L/PR:N/UI:N/S:U/C:H/I:N/A:N
CVE-2025-30878,CVSS:3.1/AV:N/AC:H/PR:N/UI:N/S:U/C:H/I:N/A:N
CVE-2025-30879,CVSS:3.1/AV:N/AC:L/PR:N/UI:N/S:U/C:H/I:H/A:N
CVE-2025-30880,CVSS:3.1/AV:N/AC:L/PR:N/UI:N/S:U/C:H/I:N/A:N
CVE-2025-30881,CVSS:3.1/AV:N/AC:L/PR:N/UI:N/S:U/C:H/I:N/A:N
CVE-2025-30882,CVSS:3.1/AV:N/AC:L/PR:N/UI:N/S:U/C:H/I:N/A:N
CVE-2025-30883,CVSS:3.1/AV:N/AC:L/PR:N/UI:N/S:U/C:H/I:N/A:N
CVE-2025-30884,CVSS:3.1/AV:N/AC:L/PR:N/UI:R/S:U/C:L/I:N/A:N
CVE-2025-30885,CVSS:3.1/AV:N/AC:L/PR:N/UI:R/S:U/C:L/I:N/A:N
CVE-2025-30886,CVSS:3.1/AV:N/AC:L/PR:N/UI:N/S:U/C:H/I:N/A:N
CVE-2025-30887,CVSS:3.1/AV:N/AC:L/PR:N/UI:N/S:U/C:H/I:N/A:N
CVE-2025-30888,CVSS:3.1/AV:N/AC:L/PR:N/UI:R/S:U/C:N/I:N/A:N
CVE-2025-30889,CVSS:3.1/AV:N/AC:L/PR:N/UI:N/S:U/C:H/I:H/A:N
CVE-2025-30890,CVSS:3.1/AV:N/AC:L/PR:N/UI:N/S:U/C:L/I:N/A:N
CVE-2025-30891,CVSS:3.1/AV:N/AC:H/PR:N/UI:N/S:U/C:L/I:N/A:L
CVE-2025-30892,CVSS:3.1/AV:N/AC:H/PR:N/UI:N/S:U/C:H/I:N/A:N
CVE-2025-30893,CVSS:3.1/AV:N/AC:L/PR:N/UI:R/S:U/C:L/I:N/A:N
CVE-2025-30894,CVSS:3.1/AV:N/AC:L/PR:N/UI:N/S:U/C:H/I:N/A:N
CVE-2025-30895,CVSS:3.1/AV:N/AC:L/PR:N/UI:N/S:U/C:L/I:N/A:N
CVE-2025-30896,CVSS:3.1/AV:N/AC:L/PR:N/UI:N/S:U/C:H/I:N/A:N
CVE-2025-30897,CVSS:3.1/AV:N/AC:L/PR:N/UI:N/S:U/C:H/I:N/A:N
CVE-2025-30898,CVSS:3.1/AV:N/AC:L/PR:N/UI:R/S:U/C:H/I:N/A:N
CVE-2025-30899,CVSS:3.1/AV:N/AC:L/PR:N/UI:R/S:U/C:H/I:L/A:N
CVE-2025-30900,CVSS:3.1/AV:N/AC:L/PR:N/UI:R/S:U/C:H/I:L/A:N
CVE-2025-30901,CVSS:3.1/AV:N/AC:L/PR:N/UI:N/S:U/C:L/I:N/A:N
CVE-2025-30902,CVSS:3.1/AV:N/AC:L/PR:N/UI:R/S:U/C:L/I:N/A:N
CVE-2025-30903,CVSS:3.1/AV:N/AC:L/PR:N/UI:R/S:U/C:L/I:N/A:N
CVE-2025-30904,CVSS:3.1/AV:N/AC:L/PR:N/UI:R/S:U/C:H/I:L/A:N
CVE-2025-30905,CVSS:3.1/AV:N/AC:L/PR:N/UI:R/S:C/C:L/I:L/A:N
CVE-2025-30906,CVSS:3.1/AV:N/AC:L/PR:N/UI:R/S:U/C:L/I:N/A:N
CVE-2025-30907,CVSS:3.1/AV:N/AC:L/PR:N/UI:R/S:U/C:L/I:N/A:N
CVE-2025-30908,CVSS:3.1/AV:N/AC:L/PR:N/UI:R/S:U/C:H/I:L/A:N
CVE-2025-30909,CVSS:3.1/AV:N/AC:L/PR:N/UI:N/S:U/C:H/I:N/A:N
CVE-2025-30910,CVSS:3.1/AV:N/AC:L/PR:N/UI:N/S:U/C:H/I:N/A:N
CVE-2025-30911,CVSS:3.1/AV:N/AC:L/PR:N/UI:N/S:U/C:H/I:H/A:N
CVE-2025-30912,CVSS:3.1/AV:N/AC:L/PR:N/UI:R/S:U/C:N/I:N/A:N
CVE-2025-30913,CVSS:3.1/AV:N/AC:L/PR:N/UI:R/S:U/C:L/I:N/A:N
CVE-2025-30914,CVSS:3.1/AV:N/AC:L/PR:N/UI:N/S:C/C:L/I:N/A:N
CVE-2025-30915,CVSS:3.1/AV:N/AC:L/PR:N/UI:N/S:U/C:H/I:N/A:N
CVE-2025-30916,CVSS:3.1/AV:N/AC:L/PR:N/UI:N/S:C/C:L/I:N/A:N
CVE-2025-30917,CVSS:3.1/AV:N/AC:L/PR:N/UI:R/S:U/C:L/I:N/A:N
CVE-2025-30918,CVSS:3.1/AV:N/AC:L/PR:N/UI:R/S:U/C:H/I:N/A:L
CVE-2025-30919,CVSS:3.1/AV:N/AC:L/PR:N/UI:R/S:U/C:L/I:L/A:N
CVE-2025-30920,CVSS:3.1/AV:N/AC:L/PR:N/UI:R/S:U/C:L/I:N/A:N
CVE-2025-30921,CVSS:3.1/AV:N/AC:L/PR:N/UI:N/S:U/C:H/I:N/A:N
CVE-2025-30922,CVSS:3.1/AV:N/AC:L/PR:N/UI:R/S:U/C:H/I:L/A:N
CVE-2025-30923,CVSS:3.1/AV:N/AC:L/PR:N/UI:R/S:U/C:N/I:N/A:N
CVE-2025-30924,CVSS:3.1/AV:N/AC:L/PR:N/UI:R/S:U/C:L/I:N/A:N
CVE-2025-30925,CVSS:3.1/AV:N/AC:L/PR:N/UI:R/S:C/C:H/I:L/A:N
CVE-2025-30926,CVSS:3.1/AV:N/AC:L/PR:N/UI:N/S:U/C:L/I:N/A:N
CVE-2025-30961,CVSS:3.1/AV:N/AC:L/PR:N/UI:R/S:U/C:L/I:N/A:N
CVE-2025-30963,CVSS:3.1/AV:N/AC:L/PR:N/UI:R/S:C/C:L/I:L/A:N
CVE-2025-3097,CVSS:3.1/AV:N/AC:L/PR:N/UI:R/S:C/C:L/I:L/A:N
CVE-2025-30971,CVSS:3.1/AV:N/AC:L/PR:N/UI:N/S:U/C:H/I:N/A:N
CVE-2025-3098,CVSS:3.1/AV:N/AC:L/PR:N/UI:R/S:U/C:L/I:N/A:N
CVE-2025-30987,CVSS:3.1/AV:N/AC:L/PR:N/UI:R/S:U/C:H/I:L/A:N
CVE-2025-3099,CVSS:3.1/AV:N/AC:L/PR:N/UI:R/S:U/C:L/I:N/A:N
CVE-2025-31001,CVSS:3.1/AV:N/AC:L/PR:N/UI:N/S:U/C:H/I:N/A:N
CVE-2025-31010,CVSS:3.1/AV:N/AC:L/PR:N/UI:R/S:U/C:N/I:N/A:N
CVE-2025-31016,CVSS:3.1/AV:N/AC:L/PR:N/UI:N/S:C/C:L/I:N/A:L
CVE-2025-31024,CVSS:3.1/AV:N/AC:L/PR:N/UI:N/S:U/C:H/I:N/A:N
CVE-2025-31031,CVSS:3.1/AV:N/AC:L/PR:N/UI:R/S:U/C:H/I:H/A:N
CVE-2025-31043,CVSS:3.1/AV:N/AC:L/PR:N/UI:R/S:U/C:L/I:N/A:N
CVE-2025-3105,CVSS:3.1/AV:N/AC:L/PR:L/UI:N/S:C/C:N/I:H/A:N
CVE-2025-31073,CVSS:3.1/AV:N/AC:L/PR:N/UI:R/S:U/C:H/I:L/A:N
CVE-2025-31074,CVSS:3.1/AV:N/AC:L/PR:N/UI:N/S:U/C:H/I:H/A:N
CVE-2025-31075,CVSS:3.1/AV:N/AC:L/PR:N/UI:R/S:U/C:H/I:L/A:N
CVE-2025-31076,CVSS:3.1/AV:N/AC:L/PR:N/UI:N/S:U/C:L/I:N/A:N
CVE-2025-31077,CVSS:3.1/AV:N/AC:L/PR:N/UI:R/S:C/C:L/I:L/A:N
CVE-2025-31078,CVSS:3.1/AV:N/AC:L/PR:N/UI:R/S:U/C:L/I:N/A:N
CVE-2025-31079,CVSS:3.1/AV:N/AC:L/PR:N/UI:R/S:U/C:N/I:N/A:N
CVE-2025-31080,CVSS:3.1/AV:N/AC:L/PR:N/UI:R/S:U/C:H/I:N/A:N
CVE-2025-31081,CVSS:3.1/AV:N/AC:L/PR:N/UI:R/S:U/C:L/I:N/A:N
CVE-2025-31082,CVSS:3.1/AV:N/AC:L/PR:N/UI:N/S:U/C:H/I:N/A:L
CVE-2025-31083,CVSS:3.1/AV:N/AC:L/PR:N/UI:R/S:U/C:H/I:L/A:N
CVE-2025-31084,CVSS:3.1/AV:N/AC:L/PR:N/UI:N/S:U/C:H/I:H/A:N
CVE-2025-31085,CVSS:3.1/AV:N/AC:L/PR:N/UI:R/S:U/C:L/I:N/A:N
CVE-2025-31086,CVSS:3.1/AV:N/AC:L/PR:N/UI:R/S:U/C:L/I:N/A:N
CVE-2025-31087,CVSS:3.1/AV:N/AC:L/PR:N/UI:R/S:C/C:H/I:H/A:N
CVE-2025-31088,CVSS:3.1/AV:N/AC:L/PR:N/UI:R/S:U/C:H/I:N/A:N
CVE-2025-31089,CVSS:3.1/AV:N/AC:L/PR:N/UI:N/S:U/C:H/I:N/A:N
CVE-2025-31090,CVSS:3.1/AV:N/AC:L/PR:N/UI:R/S:U/C:L/I:N/A:N
CVE-2025-31091,CVSS:3.1/AV:N/AC:L/PR:N/UI:R/S:U/C:H/I:L/A:N
CVE-2025-31092,CVSS:3.1/AV:N/AC:L/PR:N/UI:R/S:U/C:L/I:L/A:N
CVE-2025-31093,CVSS:3.1/AV:N/AC:L/PR:N/UI:R/S:U/C:L/I:N/A:N
CVE-2025-31094,CVSS:3.1/AV:N/AC:L/PR:N/UI:R/S:C/C:L/I:N/A:N
CVE-2025-31095,CVSS:3.1/AV:N/AC:L/PR:N/UI:N/S:U/C:H/I:N/A:N
CVE-2025-31096,CVSS:3.1/AV:N/AC:L/PR:N/UI:R/S:U/C:L/I:L/A:N
CVE-2025-31097,CVSS:3.1/AV:N/AC:L/PR:N/UI:N/S:U/C:L/I:N/A:N
CVE-2025-31098,CVSS:3.1/AV:N/AC:L/PR:N/UI:N/S:U/C:H/I:N/A:L
CVE-2025-31099,CVSS:3.1/AV:N/AC:L/PR:N/UI:N/S:U/C:H/I:N/A:N
CVE-2025-31101,CVSS:3.1/AV:N/AC:L/PR:N/UI:R/S:U/C:H/I:L/A:N
CVE-2025-31102,CVSS:3.1/AV:N/AC:L/PR:N/UI:R/S:U/C:L/I:N/A:N
CVE-2025-31116,CVSS:3.1/AV:N/AC:L/PR:N/UI:N/S:U/C:N/I:N/A:L
CVE-2025-31119,CVSS:3.1/AV:N/AC:L/PR:N/UI:R/S:U/C:H/I:H/A:N
CVE-2025-31123,CVSS:3.1/AV:N/AC:L/PR:N/UI:N/S:U/C:H/I:N/A:N
CVE-2025-31124,CVSS:3.1/AV:N/AC:L/PR:N/UI:N/S:U/C:L/I:N/A:N
CVE-2025-31125,CVSS:3.1/AV:N/AC:L/PR:N/UI:N/S:C/C:L/I:N/A:N
CVE-2025-31126,CVSS:3.1/AV:N/AC:L/PR:N/UI:N/S:U/C:H/I:N/A:N
CVE-2025-31127,CVSS:3.1/AV:N/AC:L/PR:N/UI:N/S:U/C:H/I:N/A:N
CVE-2025-31129,CVSS:3.1/AV:N/AC:L/PR:N/UI:N/S:U/C:H/I:H/A:N
CVE-2025-31130,CVSS:3.1/AV:N/AC:L/PR:N/UI:N/S:C/C:H/I:H/A:N
CVE-2025-31131,CVSS:3.1/AV:N/AC:L/PR:N/UI:N/S:U/C:H/I:N/A:N
CVE-2025-31132,CVSS:3.1/AV:N/AC:L/PR:L/UI:N/S:C/C:H/I:H/A:H
CVE-2025-31135,CVSS:3.1/AV:N/AC:L/PR:N/UI:N/S:U/C:L/I:N/A:N
CVE-2025-31139,CVSS:3.1/AV:N/AC:L/PR:N/UI:N/S:U/C:H/I:N/A:N
CVE-2025-31140,CVSS:3.1/AV:N/AC:L/PR:N/UI:R/S:U/C:L/I:N/A:N
CVE-2025-31141,CVSS:3.1/AV:N/AC:L/PR:N/UI:N/S:U/C:H/I:N/A:N
CVE-2025-31160,CVSS:3.1/AV:L/AC:L/PR:N/UI:N/S:U/C:N/I:N/A:L
CVE-2025-31161,CVSS:3.1/AV:N/AC:L/PR:N/UI:N/S:C/C:H/I:H/A:H
CVE-2025-31162,CVSS:3.1/AV:L/AC:L/PR:N/UI:N/S:U/C:N/I:N/A:L
CVE-2025-31163,CVSS:3.1/AV:L/AC:H/PR:N/UI:N/S:U/C:N/I:N/A:L
CVE-2025-31164,CVSS:3.1/AV:L/AC:H/PR:N/UI:N/S:U/C:N/I:N/A:H
CVE-2025-31176,CVSS:3.1/AV:L/AC:L/PR:N/UI:N/S:U/C:N/I:N/A:H
CVE-2025-31178,CVSS:3.1/AV:L/AC:L/PR:N/UI:N/S:U/C:N/I:N/A:H
CVE-2025-31179,CVSS:3.1/AV:L/AC:L/PR:N/UI:N/S:U/C:N/I:N/A:H
CVE-2025-31180,CVSS:3.1/AV:L/AC:L/PR:N/UI:N/S:U/C:N/I:N/A:H
CVE-2025-31181,CVSS:3.1/AV:N/AC:L/PR:N/UI:N/S:U/C:N/I:N/A:H
CVE-2025-31282,CVSS:3.1/AV:N/AC:H/PR:H/UI:N/S:U/C:H/I:H/A:N
CVE-2025-31283,CVSS:3.1/AV:N/AC:L/PR:H/UI:R/S:C/C:N/I:H/A:N
CVE-2025-31284,CVSS:3.1/AV:N/AC:L/PR:L/UI:R/S:U/C:H/I:H/A:N
CVE-2025-31285,CVSS:3.1/AV:N/AC:L/PR:H/UI:N/S:U/C:H/I:H/A:N
CVE-2025-31286,CVSS:3.1/AV:N/AC:L/PR:N/UI:R/S:U/C:H/I:H/A:N
CVE-2025-31335,CVSS:3.1/AV:N/AC:L/PR:N/UI:N/S:C/C:H/I:L/A:N
CVE-2025-31376,CVSS:3.1/AV:N/AC:L/PR:N/UI:N/S:U/C:H/I:N/A:N
CVE-2025-31381,CVSS:3.1/AV:N/AC:L/PR:N/UI:N/S:U/C:H/I:N/A:N
CVE-2025-31384,CVSS:3.1/AV:N/AC:L/PR:N/UI:R/S:U/C:L/I:N/A:N
CVE-2025-31386,CVSS:3.1/AV:N/AC:L/PR:N/UI:N/S:C/C:L/I:N/A:N
CVE-2025-31387,CVSS:3.1/AV:N/AC:L/PR:N/UI:N/S:U/C:H/I:N/A:N
CVE-2025-31389,CVSS:3.1/AV:N/AC:L/PR:N/UI:R/S:U/C:L/I:N/A:N
CVE-2025-31403,CVSS:3.1/AV:N/AC:L/PR:N/UI:N/S:U/C:H/I:N/A:N
CVE-2025-31405,CVSS:3.1/AV:N/AC:L/PR:N/UI:N/S:U/C:H/I:N/A:L
CVE-2025-31406,CVSS:3.1/AV:N/AC:L/PR:N/UI:N/S:C/C:H/I:N/A:N
CVE-2025-31407,CVSS:3.1/AV:N/AC:L/PR:N/UI:R/S:U/C:L/I:L/A:N
CVE-2025-31408,CVSS:3.1/AV:N/AC:L/PR:N/UI:N/S:C/C:L/I:N/A:N
CVE-2025-31409,CVSS:3.1/AV:N/AC:L/PR:N/UI:R/S:U/C:H/I:L/A:N
CVE-2025-31410,CVSS:3.1/AV:N/AC:L/PR:N/UI:R/S:U/C:N/I:N/A:N
CVE-2025-31412,CVSS:3.1/AV:N/AC:L/PR:N/UI:R/S:C/C:N/I:L/A:N
CVE-2025-31414,CVSS:3.1/AV:N/AC:L/PR:N/UI:R/S:U/C:H/I:L/A:N
CVE-2025-31415,CVSS:3.1/AV:N/AC:L/PR:N/UI:N/S:C/C:L/I:N/A:N
CVE-2025-31416,CVSS:3.1/AV:N/AC:L/PR:N/UI:R/S:U/C:L/I:N/A:N
CVE-2025-31417,CVSS:3.1/AV:N/AC:L/PR:N/UI:N/S:U/C:H/I:N/A:N
CVE-2025-31418,CVSS:3.1/AV:N/AC:L/PR:N/UI:R/S:U/C:L/I:N/A:N
CVE-2025-31419,CVSS:3.1/AV:N/AC:L/PR:N/UI:R/S:U/C:H/I:L/A:N
CVE-2025-31420,CVSS:3.1/AV:N/AC:L/PR:N/UI:N/S:U/C:L/I:N/A:N
CVE-2025-31421,CVSS:3.1/AV:N/AC:L/PR:N/UI:N/S:U/C:H/I:N/A:N
CVE-2025-31431,CVSS:3.1/AV:N/AC:L/PR:N/UI:R/S:U/C:L/I:N/A:N
CVE-2025-31432,CVSS:3.1/AV:N/AC:L/PR:N/UI:N/S:U/C:H/I:N/A:N
CVE-2025-31433,CVSS:3.1/AV:N/AC:L/PR:N/UI:R/S:U/C:H/I:N/A:N
CVE-2025-31434,CVSS:3.1/AV:N/AC:L/PR:N/UI:R/S:C/C:L/I:N/A:N
CVE-2025-31435,CVSS:3.1/AV:N/AC:L/PR:N/UI:R/S:U/C:L/I:L/A:N
CVE-2025-31436,CVSS:3.1/AV:N/AC:L/PR:N/UI:R/S:U/C:H/I:N/A:N
CVE-2025-31437,CVSS:3.1/AV:N/AC:L/PR:N/UI:R/S:U/C:L/I:N/A:N
CVE-2025-31438,CVSS:3.1/AV:N/AC:L/PR:N/UI:R/S:U/C:N/I:N/A:N
CVE-2025-31439,CVSS:3.1/AV:N/AC:L/PR:N/UI:R/S:U/C:N/I:N/A:N
CVE-2025-31440,CVSS:3.1/AV:N/AC:L/PR:N/UI:R/S:U/C:L/I:L/A:N
CVE-2025-31441,CVSS:3.1/AV:N/AC:L/PR:N/UI:R/S:U/C:L/I:N/A:N
CVE-2025-31442,CVSS:3.1/AV:N/AC:L/PR:N/UI:R/S:U/C:L/I:N/A:N
CVE-2025-31443,CVSS:3.1/AV:N/AC:L/PR:N/UI:R/S:U/C:H/I:L/A:N
CVE-2025-31444,CVSS:3.1/AV:N/AC:L/PR:N/UI:R/S:U/C:L/I:L/A:N
CVE-2025-31445,CVSS:3.1/AV:N/AC:L/PR:N/UI:R/S:U/C:L/I:N/A:N
CVE-2025-31446,CVSS:3.1/AV:N/AC:L/PR:N/UI:R/S:U/C:L/I:N/A:N
CVE-2025-31447,CVSS:3.1/AV:N/AC:L/PR:N/UI:R/S:U/C:N/I:N/A:N
CVE-2025-31448,CVSS:3.1/AV:N/AC:L/PR:N/UI:R/S:U/C:N/I:N/A:N
CVE-2025-31449,CVSS:3.1/AV:N/AC:L/PR:N/UI:R/S:U/C:L/I:L/A:N
CVE-2025-31450,CVSS:3.1/AV:N/AC:L/PR:N/UI:R/S:U/C:H/I:L/A:N
CVE-2025-31451,CVSS:3.1/AV:N/AC:L/PR:N/UI:R/S:U/C:L/I:L/A:N
CVE-2025-31452,CVSS:3.1/AV:N/AC:L/PR:N/UI:R/S:U/C:H/I:L/A:N
CVE-2025-31453,CVSS:3.1/AV:N/AC:L/PR:N/UI:R/S:U/C:L/I:L/A:N
CVE-2025-31454,CVSS:3.1/AV:N/AC:L/PR:N/UI:R/S:U/C:H/I:N/A:N
CVE-2025-31455,CVSS:3.1/AV:N/AC:L/PR:N/UI:R/S:U/C:L/I:N/A:N
CVE-2025-31456,CVSS:3.1/AV:N/AC:L/PR:N/UI:R/S:U/C:N/I:N/A:N
CVE-2025-31457,CVSS:3.1/AV:N/AC:L/PR:N/UI:R/S:U/C:N/I:N/A:N
CVE-2025-31458,CVSS:3.1/AV:N/AC:L/PR:N/UI:R/S:U/C:L/I:H/A:N
CVE-2025-31459,CVSS:3.1/AV:N/AC:L/PR:N/UI:R/S:U/C:L/I:L/A:N
CVE-2025-31460,CVSS:3.1/AV:N/AC:L/PR:N/UI:R/S:C/C:L/I:L/A:N
CVE-2025-31461,CVSS:3.1/AV:N/AC:L/PR:N/UI:R/S:U/C:L/I:N/A:N
CVE-2025-31462,CVSS:3.1/AV:N/AC:L/PR:N/UI:R/S:U/C:L/I:N/A:N
CVE-2025-31463,CVSS:3.1/AV:N/AC:L/PR:N/UI:R/S:U/C:L/I:N/A:N
CVE-2025-31464,CVSS:3.1/AV:N/AC:L/PR:N/UI:R/S:U/C:H/I:L/A:N
CVE-2025-31465,CVSS:3.1/AV:N/AC:L/PR:N/UI:R/S:U/C:H/I:L/A:N
CVE-2025-31466,CVSS:3.1/AV:N/AC:L/PR:N/UI:N/S:U/C:H/I:N/A:N
CVE-2025-31467,CVSS:3.1/AV:N/AC:L/PR:N/UI:R/S:U/C:L/I:N/A:N
CVE-2025-31468,CVSS:3.1/AV:N/AC:L/PR:N/UI:R/S:U/C:L/I:N/A:N
CVE-2025-31469,CVSS:3.1/AV:N/AC:L/PR:N/UI:N/S:U/C:H/I:N/A:N
CVE-2025-31470,CVSS:3.1/AV:N/AC:L/PR:N/UI:R/S:C/C:L/I:L/A:N
CVE-2025-31471,CVSS:3.1/AV:N/AC:L/PR:N/UI:R/S:U/C:H/I:L/A:N
CVE-2025-31472,CVSS:3.1/AV:N/AC:L/PR:N/UI:R/S:U/C:H/I:L/A:N
CVE-2025-31473,CVSS:3.1/AV:N/AC:L/PR:N/UI:R/S:U/C:H/I:L/A:N
CVE-2025-31474,CVSS:3.1/AV:N/AC:L/PR:N/UI:R/S:U/C:N/I:N/A:N
CVE-2025-31479,CVSS:3.1/AV:N/AC:L/PR:N/UI:N/S:C/C:L/I:N/A:N
CVE-2025-31480,CVSS:3.1/AV:N/AC:L/PR:L/UI:N/S:U/C:N/I:N/A:H
CVE-2025-31481,CVSS:3.1/AV:N/AC:L/PR:N/UI:N/S:C/C:H/I:N/A:N
CVE-2025-31485,CVSS:3.1/AV:N/AC:L/PR:N/UI:N/S:U/C:L/I:N/A:N
CVE-2025-31486,CVSS:3.1/AV:N/AC:L/PR:N/UI:N/S:U/C:L/I:N/A:N
CVE-2025-31487,CVSS:3.1/AV:N/AC:L/PR:L/UI:R/S:U/C:H/I:N/A:L
CVE-2025-31525,CVSS:3.1/AV:N/AC:L/PR:N/UI:N/S:C/C:L/I:N/A:N
CVE-2025-31526,CVSS:3.1/AV:N/AC:L/PR:N/UI:N/S:U/C:H/I:N/A:N
CVE-2025-31527,CVSS:3.1/AV:N/AC:L/PR:N/UI:N/S:U/C:L/I:N/A:N
CVE-2025-31528,CVSS:3.1/AV:N/AC:L/PR:N/UI:N/S:C/C:H/I:N/A:N
CVE-2025-31529,CVSS:3.1/AV:N/AC:L/PR:N/UI:N/S:C/C:L/I:N/A:N
CVE-2025-31530,CVSS:3.1/AV:N/AC:L/PR:N/UI:N/S:U/C:H/I:N/A:N
CVE-2025-31531,CVSS:3.1/AV:N/AC:L/PR:N/UI:N/S:U/C:H/I:H/A:N
CVE-2025-31532,CVSS:3.1/AV:N/AC:L/PR:N/UI:R/S:U/C:H/I:L/A:N
CVE-2025-31533,CVSS:3.1/AV:N/AC:L/PR:N/UI:N/S:U/C:H/I:N/A:N
CVE-2025-31534,CVSS:3.1/AV:N/AC:L/PR:N/UI:N/S:U/C:H/I:H/A:N
CVE-2025-31535,CVSS:3.1/AV:N/AC:L/PR:N/UI:R/S:U/C:L/I:N/A:N
CVE-2025-31536,CVSS:3.1/AV:N/AC:L/PR:N/UI:R/S:U/C:L/I:N/A:N
CVE-2025-31537,CVSS:3.1/AV:N/AC:L/PR:N/UI:R/S:U/C:L/I:N/A:N
CVE-2025-31538,CVSS:3.1/AV:N/AC:L/PR:N/UI:R/S:U/C:H/I:N/A:N
CVE-2025-31539,CVSS:3.1/AV:N/AC:L/PR:N/UI:N/S:U/C:H/I:N/A:N
CVE-2025-31540,CVSS:3.1/AV:N/AC:L/PR:N/UI:N/S:U/C:H/I:N/A:N
CVE-2025-31541,CVSS:3.1/AV:N/AC:L/PR:N/UI:N/S:U/C:H/I:N/A:N
CVE-2025-31542,CVSS:3.1/AV:N/AC:L/PR:N/UI:N/S:U/C:H/I:N/A:N
CVE-2025-31543,CVSS:3.1/AV:N/AC:L/PR:N/UI:R/S:U/C:L/I:N/A:N
CVE-2025-31544,CVSS:3.1/AV:N/AC:L/PR:N/UI:N/S:U/C:L/I:N/A:N
CVE-2025-31545,CVSS:3.1/AV:N/AC:L/PR:N/UI:N/S:U/C:H/I:N/A:N
CVE-2025-31546,CVSS:3.1/AV:N/AC:L/PR:N/UI:N/S:U/C:L/I:N/A:N
CVE-2025-31547,CVSS:3.1/AV:N/AC:L/PR:N/UI:N/S:U/C:H/I:H/A:N
CVE-2025-31548,CVSS:3.1/AV:N/AC:L/PR:N/UI:R/S:U/C:L/I:N/A:N
CVE-2025-31549,CVSS:3.1/AV:N/AC:L/PR:N/UI:R/S:U/C:H/I:L/A:N
CVE-2025-3155,CVSS:3.1/AV:N/AC:L/PR:N/UI:R/S:U/C:H/I:N/A:N
CVE-2025-31550,CVSS:3.1/AV:N/AC:L/PR:N/UI:N/S:U/C:H/I:N/A:N
CVE-2025-31551,CVSS:3.1/AV:N/AC:L/PR:N/UI:N/S:U/C:H/I:H/A:N
CVE-2025-31552,CVSS:3.1/AV:N/AC:L/PR:N/UI:N/S:U/C:H/I:N/A:N
CVE-2025-31553,CVSS:3.1/AV:N/AC:L/PR:N/UI:N/S:U/C:H/I:N/A:N
CVE-2025-31554,CVSS:3.1/AV:N/AC:L/PR:N/UI:N/S:U/C:H/I:N/A:N
CVE-2025-31555,CVSS:3.1/AV:N/AC:L/PR:N/UI:N/S:U/C:H/I:N/A:N
CVE-2025-31556,CVSS:3.1/AV:N/AC:L/PR:N/UI:R/S:U/C:H/I:L/A:N
CVE-2025-31557,CVSS:3.1/AV:N/AC:L/PR:N/UI:R/S:U/C:L/I:L/A:N
CVE-2025-31558,CVSS:3.1/AV:N/AC:L/PR:N/UI:N/S:U/C:H/I:N/A:N
CVE-2025-31559,CVSS:3.1/AV:N/AC:L/PR:N/UI:R/S:C/C:L/I:N/A:N
CVE-2025-31560,CVSS:3.1/AV:N/AC:L/PR:N/UI:N/S:U/C:H/I:H/A:N
CVE-2025-31561,CVSS:3.1/AV:N/AC:L/PR:N/UI:N/S:U/C:H/I:N/A:N
CVE-2025-31562,CVSS:3.1/AV:N/AC:L/PR:N/UI:R/S:U/C:L/I:N/A:N
CVE-2025-31563,CVSS:3.1/AV:N/AC:L/PR:N/UI:R/S:U/C:H/I:L/A:N
CVE-2025-31564,CVSS:3.1/AV:N/AC:L/PR:N/UI:N/S:U/C:H/I:N/A:N
CVE-2025-31566,CVSS:3.1/AV:N/AC:L/PR:N/UI:R/S:U/C:H/I:L/A:N
CVE-2025-31567,CVSS:3.1/AV:N/AC:L/PR:N/UI:R/S:U/C:L/I:N/A:N
CVE-2025-31568,CVSS:3.1/AV:N/AC:L/PR:N/UI:R/S:U/C:L/I:N/A:N
CVE-2025-31569,CVSS:3.1/AV:N/AC:L/PR:N/UI:R/S:U/C:L/I:L/A:N
CVE-2025-31570,CVSS:3.1/AV:N/AC:L/PR:N/UI:R/S:U/C:L/I:L/A:N
CVE-2025-31571,CVSS:3.1/AV:N/AC:L/PR:N/UI:R/S:U/C:L/I:N/A:N
CVE-2025-31572,CVSS:3.1/AV:N/AC:L/PR:N/UI:R/S:U/C:N/I:N/A:N
CVE-2025-31573,CVSS:3.1/AV:N/AC:L/PR:N/UI:R/S:U/C:L/I:N/A:N
CVE-2025-31574,CVSS:3.1/AV:N/AC:L/PR:N/UI:R/S:C/C:H/I:H/A:N
CVE-2025-31575,CVSS:3.1/AV:N/AC:L/PR:N/UI:R/S:U/C:L/I:L/A:N
CVE-2025-31576,CVSS:3.1/AV:N/AC:L/PR:N/UI:N/S:C/C:N/I:N/A:L
CVE-2025-31577,CVSS:3.1/AV:N/AC:L/PR:N/UI:R/S:C/C:H/I:N/A:N
CVE-2025-31578,CVSS:3.1/AV:N/AC:L/PR:N/UI:R/S:U/C:L/I:N/A:N
CVE-2025-31579,CVSS:3.1/AV:N/AC:L/PR:N/UI:N/S:U/C:H/I:N/A:N
CVE-2025-31580,CVSS:3.1/AV:N/AC:L/PR:N/UI:N/S:U/C:H/I:N/A:N
CVE-2025-31581,CVSS:3.1/AV:N/AC:L/PR:N/UI:N/S:U/C:H/I:N/A:N
CVE-2025-31582,CVSS:3.1/AV:N/AC:L/PR:N/UI:R/S:U/C:L/I:L/A:N
CVE-2025-31583,CVSS:3.1/AV:N/AC:L/PR:N/UI:R/S:U/C:L/I:L/A:N
CVE-2025-31584,CVSS:3.1/AV:N/AC:L/PR:N/UI:N/S:C/C:L/I:N/A:N
CVE-2025-31585,CVSS:3.1/AV:N/AC:L/PR:N/UI:R/S:U/C:N/I:N/A:N
CVE-2025-31586,CVSS:3.1/AV:N/AC:L/PR:N/UI:R/S:U/C:H/I:L/A:N
CVE-2025-31587,CVSS:3.1/AV:N/AC:L/PR:N/UI:R/S:U/C:H/I:L/A:N
CVE-2025-31588,CVSS:3.1/AV:N/AC:L/PR:N/UI:R/S:U/C:N/I:N/A:N
CVE-2025-31589,CVSS:3.1/AV:N/AC:L/PR:N/UI:R/S:U/C:L/I:L/A:N
CVE-2025-31590,CVSS:3.1/AV:N/AC:L/PR:N/UI:R/S:U/C:H/I:N/A:N
CVE-2025-31591,CVSS:3.1/AV:N/AC:L/PR:N/UI:R/S:U/C:H/I:L/A:N
CVE-2025-31592,CVSS:3.1/AV:N/AC:L/PR:N/UI:R/S:U/C:L/I:L/A:N
CVE-2025-31593,CVSS:3.1/AV:N/AC:L/PR:N/UI:R/S:U/C:H/I:L/A:N
CVE-2025-31594,CVSS:3.1/AV:N/AC:L/PR:N/UI:R/S:U/C:L/I:N/A:N
CVE-2025-31595,CVSS:3.1/AV:N/AC:L/PR:N/UI:R/S:U/C:H/I:L/A:N
CVE-2025-31596,CVSS:3.1/AV:N/AC:L/PR:N/UI:N/S:U/C:H/I:N/A:N
CVE-2025-31597,CVSS:3.1/AV:N/AC:L/PR:N/UI:R/S:U/C:H/I:L/A:N
CVE-2025-31598,CVSS:3.1/AV:N/AC:L/PR:N/UI:R/S:U/C:L/I:L/A:N
CVE-2025-31600,CVSS:3.1/AV:N/AC:L/PR:N/UI:R/S:U/C:N/I:N/A:N
CVE-2025-31601,CVSS:3.1/AV:N/AC:L/PR:N/UI:R/S:U/C:N/I:N/A:N
CVE-2025-31602,CVSS:3.1/AV:N/AC:L/PR:N/UI:R/S:U/C:N/I:N/A:N
CVE-2025-31603,CVSS:3.1/AV:N/AC:L/PR:N/UI:N/S:U/C:H/I:N/A:N
CVE-2025-31604,CVSS:3.1/AV:N/AC:L/PR:N/UI:R/S:U/C:H/I:L/A:N
CVE-2025-31605,CVSS:3.1/AV:N/AC:L/PR:N/UI:R/S:U/C:H/I:L/A:N
CVE-2025-31606,CVSS:3.1/AV:N/AC:L/PR:N/UI:N/S:C/C:N/I:N/A:N
CVE-2025-31607,CVSS:3.1/AV:N/AC:L/PR:N/UI:R/S:C/C:H/I:L/A:N
CVE-2025-31608,CVSS:3.1/AV:N/AC:L/PR:N/UI:R/S:C/C:H/I:H/A:N
CVE-2025-31609,CVSS:3.1/AV:N/AC:L/PR:N/UI:N/S:C/C:L/I:N/A:N
CVE-2025-31610,CVSS:3.1/AV:N/AC:L/PR:N/UI:R/S:U/C:L/I:L/A:N
CVE-2025-31611,CVSS:3.1/AV:N/AC:L/PR:N/UI:N/S:U/C:H/I:N/A:N
CVE-2025-31612,CVSS:3.1/AV:N/AC:L/PR:N/UI:N/S:U/C:H/I:H/A:N
CVE-2025-31613,CVSS:3.1/AV:N/AC:L/PR:N/UI:R/S:U/C:N/I:N/A:N
CVE-2025-31614,CVSS:3.1/AV:N/AC:L/PR:N/UI:R/S:U/C:L/I:L/A:N
CVE-2025-31615,CVSS:3.1/AV:N/AC:L/PR:N/UI:R/S:U/C:H/I:L/A:N
CVE-2025-31616,CVSS:3.1/AV:N/AC:L/PR:N/UI:R/S:U/C:N/I:N/A:N
CVE-2025-31617,CVSS:3.1/AV:N/AC:L/PR:N/UI:R/S:U/C:N/I:N/A:N
CVE-2025-31618,CVSS:3.1/AV:N/AC:L/PR:N/UI:N/S:U/C:H/I:N/A:N
CVE-2025-31619,CVSS:3.1/AV:N/AC:L/PR:N/UI:N/S:C/C:H/I:H/A:N
CVE-2025-31620,CVSS:3.1/AV:N/AC:L/PR:N/UI:R/S:U/C:H/I:L/A:N
CVE-2025-31621,CVSS:3.1/AV:N/AC:L/PR:N/UI:R/S:U/C:L/I:L/A:N
CVE-2025-31622,CVSS:3.1/AV:N/AC:L/PR:N/UI:R/S:C/C:L/I:H/A:N
CVE-2025-31623,CVSS:3.1/AV:N/AC:L/PR:N/UI:R/S:U/C:L/I:H/A:N
CVE-2025-31624,CVSS:3.1/AV:N/AC:L/PR:N/UI:R/S:U/C:L/I:N/A:N
CVE-2025-31625,CVSS:3.1/AV:N/AC:L/PR:N/UI:R/S:U/C:L/I:N/A:N
CVE-2025-31626,CVSS:3.1/AV:N/AC:L/PR:N/UI:R/S:U/C:L/I:N/A:N
CVE-2025-31627,CVSS:3.1/AV:N/AC:L/PR:N/UI:R/S:U/C:H/I:L/A:N
CVE-2025-31628,CVSS:3.1/AV:N/AC:L/PR:N/UI:N/S:C/C:N/I:N/A:N
CVE-2025-31629,CVSS:3.1/AV:N/AC:L/PR:N/UI:R/S:U/C:H/I:L/A:N
CVE-2025-31729,CVSS:3.1/AV:N/AC:L/PR:N/UI:N/S:U/C:H/I:N/A:N
CVE-2025-31730,CVSS:3.1/AV:N/AC:L/PR:N/UI:R/S:U/C:H/I:L/A:N
CVE-2025-31731,CVSS:3.1/AV:N/AC:L/PR:N/UI:R/S:U/C:H/I:N/A:N
CVE-2025-31732,CVSS:3.1/AV:N/AC:L/PR:N/UI:N/S:U/C:H/I:N/A:N
CVE-2025-31733,CVSS:3.1/AV:N/AC:L/PR:N/UI:R/S:U/C:L/I:N/A:N
CVE-2025-31734,CVSS:3.1/AV:N/AC:L/PR:N/UI:R/S:U/C:L/I:N/A:N
CVE-2025-31735,CVSS:3.1/AV:N/AC:L/PR:N/UI:R/S:U/C:H/I:L/A:N
CVE-2025-31736,CVSS:3.1/AV:N/AC:L/PR:N/UI:N/S:U/C:H/I:N/A:N
CVE-2025-31737,CVSS:3.1/AV:N/AC:L/PR:N/UI:R/S:C/C:L/I:N/A:N
CVE-2025-31738,CVSS:3.1/AV:N/AC:L/PR:N/UI:R/S:U/C:L/I:L/A:N
CVE-2025-31739,CVSS:3.1/AV:N/AC:L/PR:N/UI:N/S:C/C:L/I:N/A:N
CVE-2025-31740,CVSS:3.1/AV:N/AC:L/PR:N/UI:R/S:U/C:H/I:L/A:N
CVE-2025-31741,CVSS:3.1/AV:N/AC:L/PR:N/UI:R/S:U/C:L/I:N/A:N
CVE-2025-31742,CVSS:3.1/AV:N/AC:L/PR:N/UI:R/S:U/C:L/I:N/A:N
CVE-2025-31743,CVSS:3.1/AV:N/AC:L/PR:N/UI:R/S:U/C:H/I:L/A:N
CVE-2025-31744,CVSS:3.1/AV:N/AC:L/PR:N/UI:R/S:U/C:H/I:L/A:N
CVE-2025-31745,CVSS:3.1/AV:N/AC:L/PR:N/UI:R/S:U/C:L/I:L/A:N
CVE-2025-31746,CVSS:3.1/AV:N/AC:L/PR:N/UI:N/S:U/C:H/I:N/A:N
CVE-2025-31747,CVSS:3.1/AV:N/AC:L/PR:N/UI:R/S:C/C:L/I:N/A:N
CVE-2025-31748,CVSS:3.1/AV:N/AC:L/PR:N/UI:R/S:U/C:H/I:L/A:N
CVE-2025-31749,CVSS:3.1/AV:N/AC:L/PR:N/UI:R/S:U/C:L/I:L/A:N
CVE-2025-31750,CVSS:3.1/AV:N/AC:L/PR:N/UI:R/S:U/C:L/I:L/A:N
CVE-2025-31751,CVSS:3.1/AV:N/AC:L/PR:N/UI:R/S:U/C:N/I:N/A:N
CVE-2025-31752,CVSS:3.1/AV:N/AC:L/PR:N/UI:N/S:U/C:H/I:N/A:N
CVE-2025-31753,CVSS:3.1/AV:N/AC:L/PR:N/UI:R/S:U/C:N/I:N/A:N
CVE-2025-31754,CVSS:3.1/AV:N/AC:L/PR:N/UI:R/S:U/C:H/I:N/A:N
CVE-2025-31755,CVSS:3.1/AV:N/AC:L/PR:N/UI:N/S:C/C:L/I:N/A:N
CVE-2025-31756,CVSS:3.1/AV:N/AC:L/PR:N/UI:R/S:U/C:N/I:N/A:N
CVE-2025-31757,CVSS:3.1/AV:N/AC:L/PR:N/UI:N/S:C/C:L/I:N/A:N
CVE-2025-31758,CVSS:3.1/AV:N/AC:L/PR:N/UI:N/S:U/C:H/I:N/A:N
CVE-2025-31759,CVSS:3.1/AV:N/AC:L/PR:N/UI:R/S:C/C:L/I:L/A:N
CVE-2025-31760,CVSS:3.1/AV:N/AC:L/PR:N/UI:R/S:U/C:L/I:N/A:N
CVE-2025-31761,CVSS:3.1/AV:N/AC:L/PR:N/UI:R/S:U/C:H/I:H/A:N
CVE-2025-31762,CVSS:3.1/AV:N/AC:L/PR:N/UI:R/S:C/C:L/I:L/A:N
CVE-2025-31763,CVSS:3.1/AV:N/AC:L/PR:N/UI:R/S:U/C:N/I:N/A:N
CVE-2025-31764,CVSS:3.1/AV:N/AC:L/PR:N/UI:R/S:C/C:L/I:L/A:N
CVE-2025-31765,CVSS:3.1/AV:N/AC:H/PR:N/UI:N/S:U/C:H/I:N/A:N
CVE-2025-31766,CVSS:3.1/AV:N/AC:L/PR:N/UI:R/S:U/C:H/I:L/A:N
CVE-2025-31767,CVSS:3.1/AV:N/AC:L/PR:N/UI:R/S:U/C:L/I:L/A:N
CVE-2025-31768,CVSS:3.1/AV:N/AC:L/PR:N/UI:N/S:U/C:H/I:N/A:N
CVE-2025-31769,CVSS:3.1/AV:N/AC:L/PR:N/UI:R/S:U/C:N/I:N/A:N
CVE-2025-31770,CVSS:3.1/AV:N/AC:L/PR:N/UI:R/S:U/C:H/I:N/A:N
CVE-2025-31771,CVSS:3.1/AV:N/AC:L/PR:N/UI:R/S:U/C:H/I:L/A:N
CVE-2025-31772,CVSS:3.1/AV:N/AC:L/PR:N/UI:R/S:U/C:H/I:L/A:N
CVE-2025-31773,CVSS:3.1/AV:N/AC:H/PR:N/UI:N/S:C/C:L/I:N/A:N
CVE-2025-31774,CVSS:3.1/AV:N/AC:L/PR:N/UI:N/S:U/C:H/I:N/A:N
CVE-2025-31775,CVSS:3.1/AV:N/AC:L/PR:N/UI:R/S:U/C:N/I:N/A:N
CVE-2025-31776,CVSS:3.1/AV:N/AC:L/PR:N/UI:R/S:U/C:N/I:N/A:N
CVE-2025-31777,CVSS:3.1/AV:N/AC:L/PR:N/UI:N/S:U/C:H/I:N/A:N
CVE-2025-31778,CVSS:3.1/AV:N/AC:L/PR:N/UI:R/S:U/C:L/I:N/A:N
CVE-2025-31779,CVSS:3.1/AV:N/AC:L/PR:N/UI:R/S:U/C:N/I:N/A:N
CVE-2025-31780,CVSS:3.1/AV:N/AC:L/PR:N/UI:N/S:U/C:H/I:N/A:N
CVE-2025-31781,CVSS:3.1/AV:N/AC:L/PR:N/UI:N/S:C/C:L/I:N/A:N
CVE-2025-31782,CVSS:3.1/AV:N/AC:L/PR:N/UI:N/S:U/C:H/I:N/A:N
CVE-2025-31783,CVSS:3.1/AV:N/AC:L/PR:N/UI:R/S:C/C:L/I:N/A:N
CVE-2025-31784,CVSS:3.1/AV:N/AC:L/PR:N/UI:R/S:U/C:N/I:N/A:N
CVE-2025-31785,CVSS:3.1/AV:N/AC:L/PR:N/UI:R/S:U/C:N/I:N/A:N
CVE-2025-31786,CVSS:3.1/AV:N/AC:L/PR:N/UI:N/S:C/C:L/I:N/A:N
CVE-2025-31787,CVSS:3.1/AV:N/AC:L/PR:N/UI:N/S:U/C:H/I:N/A:N
CVE-2025-31788,CVSS:3.1/AV:N/AC:L/PR:N/UI:N/S:U/C:H/I:N/A:N
CVE-2025-31789,CVSS:3.1/AV:N/AC:L/PR:N/UI:N/S:U/C:H/I:N/A:N
CVE-2025-31790,CVSS:3.1/AV:N/AC:L/PR:N/UI:R/S:U/C:L/I:N/A:N
CVE-2025-31791,CVSS:3.1/AV:N/AC:L/PR:N/UI:N/S:C/C:N/I:N/A:N
CVE-2025-31792,CVSS:3.1/AV:N/AC:L/PR:N/UI:R/S:U/C:H/I:L/A:N
CVE-2025-31793,CVSS:3.1/AV:N/AC:L/PR:N/UI:R/S:U/C:H/I:N/A:L
CVE-2025-31794,CVSS:3.1/AV:N/AC:L/PR:N/UI:N/S:C/C:L/I:N/A:N
CVE-2025-31795,CVSS:3.1/AV:N/AC:L/PR:N/UI:N/S:U/C:H/I:N/A:L
CVE-2025-31796,CVSS:3.1/AV:N/AC:L/PR:N/UI:N/S:U/C:H/I:N/A:N
CVE-2025-31797,CVSS:3.1/AV:N/AC:L/PR:N/UI:R/S:U/C:H/I:L/A:N
CVE-2025-31798,CVSS:3.1/AV:N/AC:L/PR:N/UI:N/S:U/C:H/I:N/A:N
CVE-2025-31799,CVSS:3.1/AV:N/AC:L/PR:N/UI:N/S:C/C:L/I:N/A:N
CVE-2025-31800,CVSS:3.1/AV:N/AC:L/PR:N/UI:N/S:U/C:H/I:N/A:N
CVE-2025-31801,CVSS:3.1/AV:N/AC:L/PR:N/UI:R/S:U/C:L/I:N/A:N
CVE-2025-31802,CVSS:3.1/AV:N/AC:L/PR:N/UI:N/S:C/C:N/I:N/A:N
CVE-2025-31803,CVSS:3.1/AV:N/AC:L/PR:N/UI:R/S:U/C:L/I:N/A:N
CVE-2025-31804,CVSS:3.1/AV:N/AC:L/PR:N/UI:R/S:U/C:H/I:L/A:N
CVE-2025-31805,CVSS:3.1/AV:N/AC:L/PR:N/UI:R/S:U/C:H/I:N/A:N
CVE-2025-31806,CVSS:3.1/AV:N/AC:L/PR:N/UI:R/S:C/C:L/I:L/A:N
CVE-2025-31807,CVSS:3.1/AV:N/AC:L/PR:N/UI:R/S:U/C:N/I:N/A:N
CVE-2025-31808,CVSS:3.1/AV:N/AC:L/PR:N/UI:R/S:U/C:N/I:N/A:N
CVE-2025-31809,CVSS:3.1/AV:N/AC:L/PR:N/UI:R/S:U/C:N/I:N/A:N
CVE-2025-31810,CVSS:3.1/AV:N/AC:L/PR:N/UI:N/S:U/C:H/I:N/A:N
CVE-2025-31811,CVSS:3.1/AV:N/AC:L/PR:N/UI:R/S:C/C:L/I:L/A:N
CVE-2025-31812,CVSS:3.1/AV:N/AC:L/PR:N/UI:R/S:C/C:L/I:H/A:N
CVE-2025-31813,CVSS:3.1/AV:N/AC:L/PR:N/UI:R/S:U/C:H/I:N/A:N
CVE-2025-31814,CVSS:3.1/AV:N/AC:L/PR:N/UI:R/S:U/C:N/I:N/A:N
CVE-2025-31815,CVSS:3.1/AV:N/AC:L/PR:N/UI:R/S:U/C:H/I:L/A:N
CVE-2025-31816,CVSS:3.1/AV:N/AC:L/PR:N/UI:N/S:U/C:H/I:N/A:N
CVE-2025-31817,CVSS:3.1/AV:N/AC:L/PR:N/UI:R/S:U/C:L/I:N/A:N
CVE-2025-31818,CVSS:3.1/AV:N/AC:L/PR:N/UI:R/S:C/C:L/I:L/A:N
CVE-2025-31819,CVSS:3.1/AV:N/AC:L/PR:N/UI:R/S:U/C:L/I:N/A:N
CVE-2025-31820,CVSS:3.1/AV:N/AC:L/PR:N/UI:N/S:C/C:L/I:N/A:N
CVE-2025-31821,CVSS:3.1/AV:N/AC:L/PR:N/UI:R/S:U/C:L/I:N/A:N
CVE-2025-31822,CVSS:3.1/AV:N/AC:L/PR:N/UI:N/S:U/C:H/I:N/A:N
CVE-2025-31823,CVSS:3.1/AV:N/AC:L/PR:N/UI:R/S:C/C:L/I:L/A:N
CVE-2025-31824,CVSS:3.1/AV:N/AC:L/PR:N/UI:N/S:U/C:H/I:N/A:N
CVE-2025-31825,CVSS:3.1/AV:N/AC:L/PR:N/UI:N/S:U/C:H/I:N/A:N
CVE-2025-31826,CVSS:3.1/AV:N/AC:L/PR:N/UI:N/S:U/C:L/I:N/A:N
CVE-2025-31827,CVSS:3.1/AV:N/AC:L/PR:N/UI:N/S:U/C:H/I:N/A:N
CVE-2025-31828,CVSS:3.1/AV:N/AC:L/PR:N/UI:R/S:U/C:N/I:N/A:L
CVE-2025-31829,CVSS:3.1/AV:N/AC:L/PR:N/UI:R/S:C/C:L/I:N/A:N
CVE-2025-31830,CVSS:3.1/AV:N/AC:L/PR:N/UI:N/S:U/C:H/I:N/A:N
CVE-2025-31831,CVSS:3.1/AV:N/AC:L/PR:N/UI:N/S:U/C:H/I:N/A:N
CVE-2025-31832,CVSS:3.1/AV:N/AC:L/PR:N/UI:N/S:U/C:H/I:N/A:N
CVE-2025-31833,CVSS:3.1/AV:N/AC:L/PR:N/UI:N/S:U/C:H/I:N/A:N
CVE-2025-31834,CVSS:3.1/AV:N/AC:L/PR:N/UI:N/S:U/C:H/I:N/A:N
CVE-2025-31835,CVSS:3.1/AV:N/AC:L/PR:N/UI:R/S:U/C:H/I:L/A:N
CVE-2025-31836,CVSS:3.1/AV:N/AC:L/PR:N/UI:N/S:C/C:H/I:N/A:N
CVE-2025-31837,CVSS:3.1/AV:N/AC:L/PR:N/UI:R/S:U/C:L/I:N/A:N
CVE-2025-31838,CVSS:3.1/AV:N/AC:L/PR:N/UI:R/S:C/C:L/I:N/A:N
CVE-2025-31839,CVSS:3.1/AV:N/AC:L/PR:N/UI:R/S:U/C:N/I:N/A:N
CVE-2025-31840,CVSS:3.1/AV:N/AC:L/PR:N/UI:R/S:U/C:N/I:N/A:N
CVE-2025-31841,CVSS:3.1/AV:N/AC:L/PR:N/UI:N/S:U/C:H/I:N/A:N
CVE-2025-31842,CVSS:3.1/AV:N/AC:L/PR:N/UI:N/S:U/C:H/I:N/A:N
CVE-2025-31843,CVSS:3.1/AV:N/AC:L/PR:N/UI:N/S:U/C:H/I:L/A:N
CVE-2025-31844,CVSS:3.1/AV:N/AC:L/PR:N/UI:R/S:U/C:H/I:L/A:N
CVE-2025-31845,CVSS:3.1/AV:N/AC:L/PR:N/UI:R/S:U/C:N/I:N/A:N
CVE-2025-31846,CVSS:3.1/AV:N/AC:L/PR:N/UI:R/S:C/C:L/I:N/A:N
CVE-2025-31847,CVSS:3.1/AV:N/AC:L/PR:N/UI:R/S:U/C:H/I:N/A:N
CVE-2025-31848,CVSS:3.1/AV:N/AC:L/PR:N/UI:N/S:U/C:H/I:N/A:N
CVE-2025-31849,CVSS:3.1/AV:N/AC:L/PR:N/UI:R/S:U/C:H/I:L/A:N
CVE-2025-31850,CVSS:3.1/AV:N/AC:L/PR:N/UI:R/S:U/C:H/I:L/A:N
CVE-2025-31851,CVSS:3.1/AV:N/AC:L/PR:N/UI:R/S:U/C:H/I:N/A:L
CVE-2025-31852,CVSS:3.1/AV:N/AC:L/PR:N/UI:R/S:U/C:N/I:N/A:N
CVE-2025-31853,CVSS:3.1/AV:N/AC:L/PR:N/UI:R/S:C/C:L/I:L/A:N
CVE-2025-31854,CVSS:3.1/AV:N/AC:L/PR:N/UI:N/S:U/C:H/I:N/A:N
CVE-2025-31855,CVSS:3.1/AV:N/AC:L/PR:N/UI:R/S:U/C:H/I:L/A:N
CVE-2025-31856,CVSS:3.1/AV:N/AC:L/PR:N/UI:N/S:U/C:H/I:N/A:N
CVE-2025-31857,CVSS:3.1/AV:N/AC:L/PR:N/UI:R/S:C/C:L/I:L/A:N
CVE-2025-31858,CVSS:3.1/AV:N/AC:L/PR:N/UI:N/S:U/C:H/I:L/A:N
CVE-2025-31859,CVSS:3.1/AV:N/AC:L/PR:N/UI:R/S:U/C:N/I:N/A:N
CVE-2025-31860,CVSS:3.1/AV:N/AC:L/PR:N/UI:R/S:U/C:H/I:L/A:N
CVE-2025-31861,CVSS:3.1/AV:N/AC:L/PR:N/UI:R/S:C/C:L/I:L/A:N
CVE-2025-31862,CVSS:3.1/AV:N/AC:L/PR:N/UI:N/S:U/C:H/I:N/A:N
CVE-2025-31863,CVSS:3.1/AV:N/AC:L/PR:N/UI:N/S:U/C:H/I:N/A:N
CVE-2025-31864,CVSS:3.1/AV:N/AC:L/PR:N/UI:R/S:U/C:L/I:L/A:N
CVE-2025-31865,CVSS:3.1/AV:N/AC:L/PR:N/UI:N/S:C/C:L/I:N/A:N
CVE-2025-31866,CVSS:3.1/AV:N/AC:L/PR:N/UI:N/S:C/C:N/I:N/A:N
CVE-2025-31867,CVSS:3.1/AV:N/AC:L/PR:N/UI:N/S:U/C:H/I:N/A:N
CVE-2025-31868,CVSS:3.1/AV:N/AC:L/PR:N/UI:N/S:C/C:N/I:N/A:N
CVE-2025-31869,CVSS:3.1/AV:N/AC:L/PR:N/UI:R/S:U/C:L/I:L/A:N
CVE-2025-31870,CVSS:3.1/AV:N/AC:L/PR:N/UI:N/S:U/C:H/I:N/A:N
CVE-2025-31871,CVSS:3.1/AV:N/AC:L/PR:N/UI:R/S:U/C:L/I:N/A:N
CVE-2025-31872,CVSS:3.1/AV:N/AC:L/PR:N/UI:R/S:C/C:L/I:N/A:N
CVE-2025-31873,CVSS:3.1/AV:N/AC:L/PR:N/UI:R/S:C/C:H/I:L/A:N
CVE-2025-31874,CVSS:3.1/AV:N/AC:L/PR:N/UI:R/S:U/C:H/I:N/A:N
CVE-2025-31875,CVSS:3.1/AV:N/AC:L/PR:N/UI:R/S:U/C:L/I:N/A:N
CVE-2025-31876,CVSS:3.1/AV:N/AC:L/PR:N/UI:N/S:U/C:H/I:N/A:N
CVE-2025-31877,CVSS:3.1/AV:N/AC:L/PR:N/UI:N/S:U/C:H/I:N/A:N
CVE-2025-31878,CVSS:3.1/AV:N/AC:L/PR:N/UI:N/S:C/C:N/I:N/A:N
CVE-2025-31879,CVSS:3.1/AV:N/AC:L/PR:N/UI:N/S:U/C:H/I:N/A:N
CVE-2025-31880,CVSS:3.1/AV:N/AC:L/PR:N/UI:R/S:U/C:N/I:N/A:N
CVE-2025-31881,CVSS:3.1/AV:N/AC:L/PR:N/UI:N/S:U/C:H/I:N/A:N
CVE-2025-31882,CVSS:3.1/AV:N/AC:L/PR:N/UI:N/S:U/C:H/I:N/A:N
CVE-2025-31883,CVSS:3.1/AV:N/AC:L/PR:N/UI:R/S:U/C:H/I:L/A:N
CVE-2025-31884,CVSS:3.1/AV:N/AC:L/PR:N/UI:R/S:U/C:H/I:L/A:N
CVE-2025-31885,CVSS:3.1/AV:N/AC:L/PR:N/UI:R/S:C/C:L/I:N/A:N
CVE-2025-31886,CVSS:3.1/AV:N/AC:L/PR:L/UI:N/S:C/C:L/I:N/A:N
CVE-2025-31887,CVSS:3.1/AV:N/AC:L/PR:N/UI:N/S:U/C:H/I:L/A:N
CVE-2025-31888,CVSS:3.1/AV:N/AC:L/PR:N/UI:R/S:U/C:N/I:N/A:N
CVE-2025-31889,CVSS:3.1/AV:N/AC:L/PR:N/UI:R/S:U/C:L/I:N/A:N
CVE-2025-31890,CVSS:3.1/AV:N/AC:L/PR:N/UI:R/S:U/C:H/I:L/A:N
CVE-2025-31891,CVSS:3.1/AV:N/AC:L/PR:N/UI:R/S:U/C:H/I:L/A:N
CVE-2025-31892,CVSS:3.1/AV:N/AC:L/PR:N/UI:R/S:U/C:H/I:L/A:N
CVE-2025-31893,CVSS:3.1/AV:N/AC:L/PR:N/UI:R/S:U/C:L/I:N/A:N
CVE-2025-31894,CVSS:3.1/AV:N/AC:L/PR:N/UI:R/S:U/C:H/I:H/A:N
CVE-2025-31895,CVSS:3.1/AV:N/AC:L/PR:N/UI:R/S:C/C:L/I:H/A:N
CVE-2025-31896,CVSS:3.1/AV:N/AC:L/PR:N/UI:N/S:U/C:L/I:N/A:N
CVE-2025-31897,CVSS:3.1/AV:N/AC:L/PR:N/UI:R/S:U/C:H/I:L/A:N
CVE-2025-31898,CVSS:3.1/AV:N/AC:L/PR:N/UI:R/S:U/C:L/I:N/A:N
CVE-2025-31899,CVSS:3.1/AV:N/AC:L/PR:N/UI:R/S:U/C:L/I:N/A:N
CVE-2025-31900,CVSS:3.1/AV:N/AC:L/PR:N/UI:R/S:U/C:L/I:N/A:N
CVE-2025-31901,CVSS:3.1/AV:N/AC:L/PR:N/UI:R/S:C/C:L/I:N/A:N
CVE-2025-31902,CVSS:3.1/AV:N/AC:L/PR:N/UI:R/S:U/C:L/I:N/A:N
CVE-2025-31903,CVSS:3.1/AV:N/AC:L/PR:N/UI:R/S:U/C:L/I:N/A:N
CVE-2025-31904,CVSS:3.1/AV:N/AC:L/PR:N/UI:R/S:U/C:N/I:N/A:N
CVE-2025-31905,CVSS:3.1/AV:N/AC:L/PR:N/UI:R/S:U/C:L/I:N/A:N
CVE-2025-31906,CVSS:3.1/AV:N/AC:L/PR:N/UI:R/S:C/C:L/I:L/A:N
CVE-2025-31907,CVSS:3.1/AV:N/AC:L/PR:N/UI:R/S:U/C:L/I:N/A:N
CVE-2025-31908,CVSS:3.1/AV:N/AC:L/PR:N/UI:N/S:U/C:H/I:H/A:N
CVE-2025-31909,CVSS:3.1/AV:N/AC:L/PR:N/UI:N/S:C/C:L/I:N/A:N
CVE-2025-3191,CVSS:3.1/AV:N/AC:L/PR:N/UI:R/S:U/C:L/I:N/A:N
CVE-2025-31910,CVSS:3.1/AV:N/AC:L/PR:N/UI:N/S:U/C:H/I:H/A:N
CVE-2025-31911,CVSS:3.1/AV:N/AC:L/PR:N/UI:N/S:U/C:H/I:N/A:N
CVE-2025-3192,CVSS:3.1/AV:N/AC:L/PR:N/UI:N/S:C/C:H/I:N/A:N
CVE-2025-3194,CVSS:3.1/AV:N/AC:L/PR:N/UI:N/S:U/C:N/I:N/A:L
CVE-2025-3197,CVSS:3.1/AV:N/AC:L/PR:N/UI:N/S:U/C:H/I:L/A:N
CVE-2025-32049,CVSS:3.1/AV:N/AC:L/PR:N/UI:N/S:U/C:N/I:N/A:H
CVE-2025-32050,CVSS:3.1/AV:N/AC:L/PR:N/UI:N/S:U/C:L/I:N/A:N
CVE-2025-32051,CVSS:3.1/AV:N/AC:L/PR:N/UI:N/S:U/C:N/I:N/A:L
CVE-2025-32052,CVSS:3.1/AV:N/AC:L/PR:N/UI:N/S:U/C:L/I:N/A:N
CVE-2025-32053,CVSS:3.1/AV:N/AC:L/PR:N/UI:N/S:U/C:L/I:N/A:N
CVE-2025-32054,CVSS:3.1/AV:N/AC:L/PR:N/UI:N/S:U/C:L/I:N/A:N
CVE-2025-32111,CVSS:3.1/AV:N/AC:L/PR:N/UI:N/S:U/C:N/I:N/A:N
CVE-2025-32112,CVSS:3.1/AV:N/AC:L/PR:N/UI:R/S:U/C:N/I:N/A:L
CVE-2025-32113,CVSS:3.1/AV:N/AC:L/PR:N/UI:R/S:U/C:N/I:N/A:N
CVE-2025-32118,CVSS:3.1/AV:N/AC:L/PR:N/UI:R/S:U/C:H/I:N/A:H
CVE-2025-32120,CVSS:3.1/AV:N/AC:L/PR:N/UI:N/S:C/C:H/I:N/A:N
CVE-2025-32121,CVSS:3.1/AV:N/AC:L/PR:N/UI:N/S:U/C:H/I:N/A:N
CVE-2025-32122,CVSS:3.1/AV:N/AC:L/PR:N/UI:N/S:U/C:H/I:N/A:N
CVE-2025-32124,CVSS:3.1/AV:N/AC:L/PR:N/UI:N/S:U/C:H/I:N/A:N
CVE-2025-32125,CVSS:3.1/AV:N/AC:L/PR:N/UI:N/S:U/C:H/I:H/A:N
CVE-2025-32126,CVSS:3.1/AV:N/AC:L/PR:N/UI:N/S:U/C:H/I:N/A:N
CVE-2025-32127,CVSS:3.1/AV:N/AC:L/PR:N/UI:N/S:U/C:H/I:N/A:N
CVE-2025-32129,CVSS:3.1/AV:N/AC:L/PR:N/UI:R/S:U/C:H/I:L/A:N
CVE-2025-32130,CVSS:3.1/AV:N/AC:L/PR:N/UI:R/S:C/C:L/I:L/A:N
CVE-2025-32131,CVSS:3.1/AV:N/AC:L/PR:N/UI:R/S:C/C:L/I:L/A:N
CVE-2025-32132,CVSS:3.1/AV:N/AC:L/PR:N/UI:R/S:U/C:L/I:N/A:N
CVE-2025-32133,CVSS:3.1/AV:N/AC:L/PR:N/UI:R/S:U/C:L/I:L/A:N
CVE-2025-32134,CVSS:3.1/AV:N/AC:L/PR:N/UI:R/S:U/C:H/I:L/A:N
CVE-2025-32135,CVSS:3.1/AV:N/AC:L/PR:N/UI:R/S:C/C:H/I:L/A:N
CVE-2025-32136,CVSS:3.1/AV:N/AC:L/PR:N/UI:R/S:U/C:L/I:N/A:N
CVE-2025-32137,CVSS:3.1/AV:N/AC:L/PR:N/UI:N/S:U/C:H/I:N/A:N
CVE-2025-32138,CVSS:3.1/AV:N/AC:L/PR:N/UI:N/S:U/C:L/I:N/A:N
CVE-2025-32141,CVSS:3.1/AV:N/AC:L/PR:N/UI:N/S:C/C:N/I:N/A:L
CVE-2025-32142,CVSS:3.1/AV:N/AC:L/PR:N/UI:N/S:U/C:H/I:N/A:N
CVE-2025-32146,CVSS:3.1/AV:N/AC:L/PR:N/UI:N/S:U/C:H/I:N/A:L
CVE-2025-32147,CVSS:3.1/AV:N/AC:L/PR:N/UI:N/S:U/C:H/I:N/A:N
CVE-2025-32148,CVSS:3.1/AV:N/AC:L/PR:N/UI:N/S:U/C:H/I:N/A:N
CVE-2025-32149,CVSS:3.1/AV:N/AC:L/PR:N/UI:N/S:U/C:H/I:H/A:N
CVE-2025-32150,CVSS:3.1/AV:N/AC:L/PR:N/UI:N/S:U/C:H/I:N/A:L
CVE-2025-32151,CVSS:3.1/AV:N/AC:L/PR:N/UI:N/S:U/C:L/I:N/A:N
CVE-2025-32152,CVSS:3.1/AV:N/AC:L/PR:N/UI:N/S:U/C:H/I:N/A:N
CVE-2025-32153,CVSS:3.1/AV:N/AC:L/PR:N/UI:N/S:U/C:H/I:N/A:N
CVE-2025-32154,CVSS:3.1/AV:N/AC:L/PR:N/UI:N/S:U/C:H/I:N/A:L
CVE-2025-32155,CVSS:3.1/AV:N/AC:L/PR:N/UI:N/S:U/C:H/I:N/A:L
CVE-2025-32156,CVSS:3.1/AV:N/AC:L/PR:N/UI:N/S:U/C:L/I:N/A:N
CVE-2025-32157,CVSS:3.1/AV:N/AC:L/PR:N/UI:N/S:U/C:H/I:N/A:L
CVE-2025-32159,CVSS:3.1/AV:N/AC:L/PR:N/UI:N/S:U/C:H/I:N/A:L
CVE-2025-32161,CVSS:3.1/AV:N/AC:L/PR:N/UI:R/S:U/C:H/I:N/A:L
CVE-2025-32162,CVSS:3.1/AV:N/AC:L/PR:N/UI:R/S:U/C:L/I:N/A:N
CVE-2025-32163,CVSS:3.1/AV:N/AC:L/PR:N/UI:R/S:U/C:H/I:L/A:N
CVE-2025-32165,CVSS:3.1/AV:N/AC:L/PR:N/UI:R/S:U/C:H/I:L/A:N
CVE-2025-32166,CVSS:3.1/AV:N/AC:L/PR:N/UI:R/S:U/C:H/I:L/A:N
CVE-2025-32167,CVSS:3.1/AV:N/AC:L/PR:N/UI:R/S:C/C:L/I:L/A:N
CVE-2025-32168,CVSS:3.1/AV:N/AC:L/PR:N/UI:R/S:U/C:H/I:L/A:N
CVE-2025-32169,CVSS:3.1/AV:N/AC:L/PR:N/UI:R/S:U/C:L/I:N/A:N
CVE-2025-32170,CVSS:3.1/AV:N/AC:L/PR:N/UI:R/S:U/C:H/I:L/A:N
CVE-2025-32171,CVSS:3.1/AV:N/AC:L/PR:N/UI:R/S:U/C:H/I:L/A:N
CVE-2025-32172,CVSS:3.1/AV:N/AC:L/PR:N/UI:R/S:U/C:H/I:L/A:N
CVE-2025-32173,CVSS:3.1/AV:N/AC:L/PR:N/UI:R/S:U/C:H/I:L/A:N
CVE-2025-32174,CVSS:3.1/AV:N/AC:L/PR:N/UI:R/S:U/C:H/I:L/A:N
CVE-2025-32175,CVSS:3.1/AV:N/AC:L/PR:N/UI:R/S:U/C:L/I:N/A:N
CVE-2025-32176,CVSS:3.1/AV:N/AC:L/PR:N/UI:R/S:U/C:H/I:N/A:N
CVE-2025-32177,CVSS:3.1/AV:N/AC:L/PR:N/UI:R/S:U/C:L/I:N/A:N
CVE-2025-32178,CVSS:3.1/AV:N/AC:L/PR:N/UI:N/S:U/C:H/I:N/A:N
CVE-2025-32179,CVSS:3.1/AV:N/AC:L/PR:N/UI:R/S:U/C:L/I:N/A:N
CVE-2025-32181,CVSS:3.1/AV:N/AC:L/PR:N/UI:R/S:U/C:L/I:N/A:N
CVE-2025-32182,CVSS:3.1/AV:N/AC:L/PR:N/UI:R/S:U/C:L/I:N/A:N
CVE-2025-32183,CVSS:3.1/AV:N/AC:L/PR:N/UI:R/S:C/C:L/I:N/A:N
CVE-2025-32184,CVSS:3.1/AV:N/AC:L/PR:N/UI:R/S:U/C:H/I:L/A:N
CVE-2025-32185,CVSS:3.1/AV:N/AC:L/PR:N/UI:R/S:U/C:H/I:N/A:N
CVE-2025-32186,CVSS:3.1/AV:N/AC:L/PR:N/UI:R/S:U/C:L/I:N/A:N
CVE-2025-32187,CVSS:3.1/AV:N/AC:L/PR:N/UI:R/S:U/C:L/I:N/A:N
CVE-2025-32188,CVSS:3.1/AV:N/AC:L/PR:N/UI:R/S:U/C:H/I:L/A:N
CVE-2025-32189,CVSS:3.1/AV:N/AC:L/PR:N/UI:R/S:U/C:L/I:N/A:N
CVE-2025-32190,CVSS:3.1/AV:N/AC:L/PR:N/UI:R/S:U/C:L/I:N/A:N
CVE-2025-32191,CVSS:3.1/AV:N/AC:L/PR:N/UI:R/S:U/C:L/I:N/A:N
CVE-2025-32192,CVSS:3.1/AV:N/AC:L/PR:N/UI:R/S:U/C:H/I:L/A:N
CVE-2025-32193,CVSS:3.1/AV:N/AC:L/PR:N/UI:R/S:U/C:H/I:L/A:N
CVE-2025-32194,CVSS:3.1/AV:N/AC:L/PR:N/UI:R/S:U/C:L/I:L/A:N
CVE-2025-32195,CVSS:3.1/AV:N/AC:L/PR:N/UI:R/S:C/C:L/I:L/A:N
CVE-2025-32196,CVSS:3.1/AV:N/AC:L/PR:N/UI:R/S:U/C:H/I:L/A:N
CVE-2025-32197,CVSS:3.1/AV:N/AC:L/PR:N/UI:R/S:U/C:H/I:L/A:N
CVE-2025-32200,CVSS:3.1/AV:N/AC:L/PR:N/UI:R/S:U/C:L/I:L/A:N
CVE-2025-32201,CVSS:3.1/AV:N/AC:L/PR:N/UI:N/S:U/C:H/I:N/A:N
CVE-2025-32203,CVSS:3.1/AV:N/AC:L/PR:N/UI:N/S:U/C:H/I:N/A:N
CVE-2025-32204,CVSS:3.1/AV:N/AC:L/PR:N/UI:N/S:U/C:H/I:N/A:N
CVE-2025-32207,CVSS:3.1/AV:N/AC:L/PR:N/UI:R/S:U/C:H/I:L/A:N
CVE-2025-32217,CVSS:3.1/AV:N/AC:L/PR:N/UI:N/S:U/C:H/I:N/A:N
CVE-2025-32218,CVSS:3.1/AV:N/AC:L/PR:N/UI:N/S:U/C:L/I:N/A:N
CVE-2025-32219,CVSS:3.1/AV:N/AC:L/PR:N/UI:N/S:U/C:H/I:N/A:N
CVE-2025-32220,CVSS:3.1/AV:N/AC:L/PR:N/UI:N/S:U/C:H/I:N/A:N
CVE-2025-32224,CVSS:3.1/AV:N/AC:L/PR:N/UI:N/S:U/C:H/I:N/A:N
CVE-2025-32225,CVSS:3.1/AV:N/AC:L/PR:N/UI:N/S:U/C:H/I:N/A:N
CVE-2025-32226,CVSS:3.1/AV:N/AC:L/PR:N/UI:R/S:U/C:H/I:N/A:N
CVE-2025-32229,CVSS:3.1/AV:N/AC:L/PR:N/UI:N/S:U/C:H/I:N/A:N
CVE-2025-32231,CVSS:3.1/AV:N/AC:L/PR:N/UI:N/S:U/C:H/I:N/A:N
CVE-2025-32232,CVSS:3.1/AV:N/AC:L/PR:N/UI:N/S:C/C:H/I:N/A:N
CVE-2025-32233,CVSS:3.1/AV:N/AC:L/PR:N/UI:R/S:U/C:H/I:N/A:N
CVE-2025-32234,CVSS:3.1/AV:N/AC:L/PR:N/UI:N/S:U/C:H/I:N/A:N
CVE-2025-32235,CVSS:3.1/AV:N/AC:L/PR:N/UI:N/S:U/C:H/I:N/A:N
CVE-2025-32237,CVSS:3.1/AV:N/AC:L/PR:N/UI:N/S:U/C:H/I:N/A:N
CVE-2025-32238,CVSS:3.1/AV:N/AC:L/PR:N/UI:N/S:U/C:H/I:N/A:N
CVE-2025-32239,CVSS:3.1/AV:N/AC:L/PR:N/UI:N/S:U/C:H/I:N/A:N
CVE-2025-32241,CVSS:3.1/AV:N/AC:L/PR:N/UI:R/S:U/C:N/I:N/A:N
CVE-2025-32246,CVSS:3.1/AV:N/AC:L/PR:N/UI:N/S:U/C:H/I:N/A:N
CVE-2025-32247,CVSS:3.1/AV:N/AC:L/PR:N/UI:R/S:U/C:N/I:N/A:N
CVE-2025-32248,CVSS:3.1/AV:N/AC:L/PR:N/UI:R/S:U/C:N/I:N/A:N
CVE-2025-32249,CVSS:3.1/AV:N/AC:L/PR:N/UI:R/S:U/C:N/I:N/A:N
CVE-2025-32250,CVSS:3.1/AV:N/AC:L/PR:N/UI:R/S:U/C:N/I:N/A:N
CVE-2025-32251,CVSS:3.1/AV:N/AC:L/PR:N/UI:N/S:U/C:H/I:N/A:N
CVE-2025-32252,CVSS:3.1/AV:N/AC:L/PR:N/UI:N/S:U/C:H/I:N/A:N
CVE-2025-32253,CVSS:3.1/AV:N/AC:L/PR:N/UI:N/S:U/C:H/I:N/A:N
CVE-2025-32254,CVSS:3.1/AV:N/AC:L/PR:N/UI:N/S:C/C:L/I:N/A:N
CVE-2025-32255,CVSS:3.1/AV:N/AC:L/PR:N/UI:N/S:U/C:H/I:N/A:N
CVE-2025-32256,CVSS:3.1/AV:N/AC:L/PR:N/UI:N/S:C/C:L/I:N/A:N
CVE-2025-32257,CVSS:3.1/AV:N/AC:L/PR:N/UI:N/S:U/C:H/I:N/A:N
CVE-2025-32258,CVSS:3.1/AV:N/AC:L/PR:N/UI:N/S:U/C:H/I:N/A:N
CVE-2025-32261,CVSS:3.1/AV:N/AC:L/PR:N/UI:R/S:U/C:N/I:N/A:N
CVE-2025-32262,CVSS:3.1/AV:N/AC:L/PR:N/UI:R/S:U/C:N/I:N/A:N
CVE-2025-32263,CVSS:3.1/AV:N/AC:L/PR:N/UI:R/S:U/C:N/I:N/A:N
CVE-2025-32264,CVSS:3.1/AV:N/AC:L/PR:N/UI:R/S:U/C:N/I:N/A:N
CVE-2025-32265,CVSS:3.1/AV:N/AC:L/PR:N/UI:R/S:U/C:N/I:N/A:N
CVE-2025-32266,CVSS:3.1/AV:N/AC:L/PR:N/UI:R/S:U/C:N/I:N/A:N
CVE-2025-32267,CVSS:3.1/AV:N/AC:L/PR:N/UI:R/S:U/C:N/I:N/A:N
CVE-2025-32268,CVSS:3.1/AV:N/AC:L/PR:N/UI:R/S:U/C:N/I:N/A:N
CVE-2025-32269,CVSS:3.1/AV:N/AC:L/PR:N/UI:R/S:U/C:N/I:N/A:L
CVE-2025-32270,CVSS:3.1/AV:N/AC:L/PR:N/UI:R/S:U/C:N/I:N/A:N
CVE-2025-32271,CVSS:3.1/AV:N/AC:L/PR:N/UI:R/S:U/C:N/I:N/A:N
CVE-2025-32272,CVSS:3.1/AV:N/AC:L/PR:N/UI:R/S:U/C:N/I:N/A:N
CVE-2025-32273,CVSS:3.1/AV:N/AC:L/PR:N/UI:R/S:U/C:N/I:N/A:N
CVE-2025-32274,CVSS:3.1/AV:N/AC:L/PR:N/UI:R/S:U/C:N/I:N/A:N
CVE-2025-32276,CVSS:3.1/AV:N/AC:L/PR:N/UI:R/S:U/C:N/I:N/A:N
CVE-2025-32277,CVSS:3.1/AV:N/AC:L/PR:N/UI:N/S:U/C:H/I:N/A:N
CVE-2025-32278,CVSS:3.1/AV:N/AC:L/PR:N/UI:R/S:U/C:N/I:N/A:N
CVE-2025-32280,CVSS:3.1/AV:N/AC:L/PR:N/UI:R/S:U/C:N/I:N/A:N
